k,seed,episode_idx,T_high,T_low,T_pick_min,T_wait_max,H_relation,T_high_E,T_low_E,E_pick_min,E_wait_max,E_relation,U_cut
16,442,400,-0.006031,-0.018574,-0.018574,-0.006031,overlap,0.501534,0.499904,0.499904,0.501534,overlap,-0.001136
16,443,401,-0.006510,-0.019896,-0.019896,-0.006510,overlap,0.500597,0.499514,0.499514,0.500597,overlap,-0.001291
16,444,402,-0.013625,-0.026844,-0.026844,-0.013625,overlap,0.501688,0.499864,0.499864,0.501688,overlap,-0.001096
16,445,403,-0.003937,-0.018526,-0.018526,-0.003937,overlap,0.500370,0.499429,0.499429,0.500370,overlap,-0.001468
16,446,404,-0.008981,-0.022359,-0.022359,-0.008981,overlap,0.501675,0.498824,0.498824,0.501675,overlap,-0.000920
16,447,405,-0.012884,-0.020679,-0.020679,-0.012884,overlap,0.499153,0.499017,0.499153,0.499017,gap,-0.001884
16,448,406,-0.001442,-0.020714,-0.020714,-0.001442,overlap,0.501190,0.501082,0.501082,0.501190,overlap,-0.001730
16,449,407,-0.009715,-0.019813,-0.019813,-0.009715,overlap,0.500451,0.499587,0.500451,0.499587,gap,-0.001652
16,450,408,-0.004844,-0.013996,-0.013996,-0.004844,overlap,0.500193,0.500098,0.500193,0.500098,gap,-0.001586
16,451,409,-0.003082,-0.024961,-0.024961,-0.003082,overlap,0.503995,0.500214,0.503995,0.500214,gap,-0.000989
16,452,410,-0.006576,-0.025310,-0.025310,-0.006576,overlap,0.501531,0.499315,0.499315,0.501531,overlap,-0.001015
16,453,411,-0.005914,-0.022437,-0.022437,-0.005914,overlap,0.502053,0.499750,0.502053,0.499750,gap,-0.000928
16,454,412,-0.014655,-0.020869,-0.020869,-0.014655,overlap,0.501936,0.500860,0.501936,0.500860,gap,-0.000922
16,455,413,-0.004356,-0.020942,-0.020942,-0.004356,overlap,0.500011,0.498618,0.498618,0.500011,overlap,-0.001336
16,456,414,-0.007914,-0.025071,-0.025071,-0.007914,overlap,0.501069,0.499080,0.499080,0.501069,overlap,-0.000900
16,457,415,-0.004405,-0.019288,-0.019288,-0.004405,overlap,0.501459,0.498942,0.498942,0.501459,overlap,-0.000969
16,458,416,-0.012572,-0.018861,-0.018861,-0.012572,overlap,0.502413,0.501125,0.501125,0.502413,overlap,-0.001197
16,459,417,-0.007711,-0.020883,-0.020883,-0.007711,overlap,0.499726,0.499025,0.499726,0.499025,gap,-0.001591
16,460,418,-0.011700,-0.021531,-0.021531,-0.011700,overlap,0.502194,0.499280,0.499280,0.502194,overlap,-0.000905
16,461,419,-0.014697,-0.022331,-0.022331,-0.014697,overlap,0.502518,0.500722,0.500722,0.502518,overlap,-0.001211
16,462,420,-0.013116,-0.023715,-0.023715,-0.013116,overlap,0.501602,0.499548,0.499548,0.501602,overlap,-0.001421
16,463,421,-0.014929,-0.020257,-0.020257,-0.014929,overlap,0.502901,0.500801,0.502901,0.500801,gap,-0.000818
16,464,422,-0.008692,-0.021056,-0.021056,-0.008692,overlap,0.501152,0.500650,0.501152,0.500650,gap,-0.001681
16,465,423,-0.011651,-0.024947,-0.024947,-0.011651,overlap,0.502416,0.498744,0.498744,0.502416,overlap,-0.000965
16,466,424,-0.012363,-0.025835,-0.025835,-0.012363,overlap,0.499387,0.499387,0.499387,0.499387,touch,-0.001653
16,467,425,-0.009086,-0.020825,-0.020825,-0.009086,overlap,0.502210,0.500536,0.502210,0.500536,gap,-0.000813
16,468,426,-0.014251,-0.017515,-0.017515,-0.014251,overlap,0.499580,0.499444,0.499444,0.499580,overlap,-0.002237
16,469,427,-0.007452,-0.011674,-0.011674,-0.007452,overlap,0.502767,0.499710,0.499710,0.502767,overlap,-0.000951
16,470,428,-0.008252,-0.022349,-0.022349,-0.008252,overlap,0.502236,0.500606,0.500606,0.502236,overlap,-0.001155
16,471,429,-0.007064,-0.020573,-0.020573,-0.007064,overlap,0.500221,0.498272,0.500221,0.498272,gap,-0.000743
16,472,430,-0.006820,-0.027289,-0.027289,-0.006820,overlap,0.499894,0.498392,0.498392,0.499894,overlap,-0.001306
16,473,431,-0.005252,-0.026981,-0.026981,-0.005252,overlap,0.502847,0.499625,0.499625,0.502847,overlap,-0.001084
16,474,432,-0.002749,-0.013406,-0.013406,-0.002749,overlap,0.503148,0.500777,0.500777,0.503148,overlap,-0.001046
16,475,433,-0.009541,-0.017406,-0.017406,-0.009541,overlap,0.502808,0.501399,0.501399,0.502808,overlap,-0.001337
16,476,434,-0.015190,-0.022889,-0.022889,-0.015190,overlap,0.501585,0.499350,0.499350,0.501585,overlap,-0.000900
16,477,435,-0.002144,-0.020262,-0.020262,-0.002144,overlap,0.502115,0.500154,0.500154,0.502115,overlap,-0.000960
16,478,436,-0.011731,-0.017060,-0.017060,-0.011731,overlap,0.501849,0.501358,0.501849,0.501358,gap,-0.001720
16,479,437,-0.007132,-0.019716,-0.019716,-0.007132,overlap,0.502020,0.499273,0.499273,0.502020,overlap,-0.000906
16,480,438,-0.004453,-0.022317,-0.022317,-0.004453,overlap,0.501568,0.499303,0.499303,0.501568,overlap,-0.000976
16,481,439,-0.008330,-0.020909,-0.020909,-0.008330,overlap,0.499079,0.498450,0.498450,0.499079,overlap,-0.001825
16,482,440,-0.012518,-0.019564,-0.019564,-0.012518,overlap,0.501719,0.498802,0.498802,0.501719,overlap,-0.000863
16,483,441,-0.001616,-0.016952,-0.016952,-0.001616,overlap,0.500423,0.499406,0.499406,0.500423,overlap,-0.001510
16,484,442,-0.001153,-0.025040,-0.025040,-0.001153,overlap,0.500318,0.499262,0.499262,0.500318,overlap,-0.001187
16,485,443,-0.002183,-0.011361,-0.011361,-0.002183,overlap,0.501891,0.499366,0.499366,0.501891,overlap,-0.000910
16,486,444,-0.005361,-0.019614,-0.019614,-0.005361,overlap,0.501266,0.500727,0.500727,0.501266,overlap,-0.001329
16,487,445,-0.006820,-0.020825,-0.020825,-0.006820,overlap,0.499957,0.499507,0.499957,0.499507,gap,-0.001227
16,488,446,-0.009377,-0.020714,-0.020714,-0.009377,overlap,0.502829,0.499734,0.499734,0.502829,overlap,-0.001008
16,489,447,-0.014665,-0.025610,-0.025610,-0.014665,overlap,0.502082,0.498742,0.502082,0.498742,gap,-0.001002
16,490,448,-0.006558,-0.015830,-0.015830,-0.006558,overlap,0.500221,0.498118,0.498118,0.500221,overlap,-0.001002
16,491,449,-0.007020,-0.018912,-0.018912,-0.007020,overlap,0.501199,0.499002,0.499002,0.501199,overlap,-0.000857
16,492,450,-0.011719,-0.021027,-0.021027,-0.011719,overlap,0.501405,0.499065,0.499065,0.501405,overlap,-0.000901
16,493,451,-0.013948,-0.027959,-0.027959,-0.013948,overlap,0.501166,0.497955,0.497955,0.501166,overlap,-0.000922
16,494,452,-0.009715,-0.023178,-0.023178,-0.009715,overlap,0.499104,0.497300,0.499104,0.497300,gap,-0.001067
16,495,453,-0.007093,-0.020238,-0.020238,-0.007093,overlap,0.501259,0.500134,0.500134,0.501259,overlap,-0.001024
16,496,454,-0.012797,-0.013863,-0.013863,-0.012797,overlap,0.501387,0.498973,0.501387,0.498973,gap,-0.001004
16,497,455,-0.006694,-0.014546,-0.014546,-0.006694,overlap,0.498738,0.498000,0.498000,0.498738,overlap,-0.001653
16,498,456,-0.005117,-0.021695,-0.021695,-0.005117,overlap,0.500676,0.499001,0.500676,0.499001,gap,-0.001467
16,499,457,-0.011458,-0.024377,-0.024377,-0.011458,overlap,0.501278,0.499922,0.499922,0.501278,overlap,-0.000965
16,500,458,-0.007297,-0.015881,-0.015881,-0.007297,overlap,0.500824,0.498298,0.498298,0.500824,overlap,-0.000903
16,501,459,-0.011973,-0.023957,-0.023957,-0.011973,overlap,0.500772,0.499772,0.499772,0.500772,overlap,-0.001723
16,502,460,-0.003694,-0.024708,-0.024708,-0.003694,overlap,0.501936,0.499223,0.499223,0.501936,overlap,-0.001071
16,503,461,-0.004967,-0.015603,-0.015603,-0.004967,overlap,0.500285,0.500170,0.500285,0.500170,gap,-0.002032
16,504,462,-0.013338,-0.014437,-0.014437,-0.013338,overlap,0.500539,0.499794,0.499794,0.500539,overlap,-0.001833
16,505,463,-0.010989,-0.021066,-0.021066,-0.010989,overlap,0.500431,0.499617,0.499617,0.500431,overlap,-0.001279
16,506,464,-0.004445,-0.019918,-0.019918,-0.004445,overlap,0.500911,0.499689,0.499689,0.500911,overlap,-0.001066
16,507,465,-0.008341,-0.024125,-0.024125,-0.008341,overlap,0.501136,0.499901,0.501136,0.499901,gap,-0.001319
16,508,466,-0.016468,-0.018753,-0.018753,-0.016468,overlap,0.500658,0.498513,0.500658,0.498513,gap,-0.001040
16,509,467,-0.004423,-0.017836,-0.017836,-0.004423,overlap,0.499761,0.499651,0.499651,0.499761,overlap,-0.002100
16,510,468,-0.005908,-0.020913,-0.020913,-0.005908,overlap,0.501860,0.498250,0.501860,0.498250,gap,-0.001122
16,511,469,-0.009955,-0.021993,-0.021993,-0.009955,overlap,0.500865,0.498221,0.498221,0.500865,overlap,-0.000937
16,512,470,-0.005616,-0.029341,-0.029341,-0.005616,overlap,0.501588,0.498361,0.498361,0.501588,overlap,-0.000882
16,513,471,-0.015029,-0.020396,-0.020396,-0.015029,overlap,0.501593,0.498926,0.498926,0.501593,overlap,-0.000938
16,514,472,-0.015609,-0.021090,-0.021090,-0.015609,overlap,0.501782,0.498595,0.498595,0.501782,overlap,-0.000988
16,515,473,-0.012528,-0.020490,-0.020490,-0.012528,overlap,0.500562,0.496720,0.500562,0.496720,gap,-0.000819
16,516,474,-0.009188,-0.023739,-0.023739,-0.009188,overlap,0.500329,0.499445,0.499445,0.500329,overlap,-0.001654
16,517,475,-0.002545,-0.024191,-0.024191,-0.002545,overlap,0.501376,0.500281,0.500281,0.501376,overlap,-0.001257
16,518,476,-0.003550,-0.018254,-0.018254,-0.003550,overlap,0.501360,0.500721,0.500721,0.501360,overlap,-0.001360
16,519,477,-0.007642,-0.022453,-0.022453,-0.007642,overlap,0.502488,0.499272,0.499272,0.502488,overlap,-0.001077
16,520,478,-0.001890,-0.022627,-0.022627,-0.001890,overlap,0.500720,0.500454,0.500454,0.500720,overlap,-0.002230
16,521,479,-0.012485,-0.018965,-0.018965,-0.012485,overlap,0.500247,0.498923,0.500247,0.498923,gap,-0.001137
16,522,480,-0.012320,-0.022255,-0.022255,-0.012320,overlap,0.501289,0.500102,0.501289,0.500102,gap,-0.001241
16,523,481,-0.001858,-0.020427,-0.020427,-0.001858,overlap,0.501284,0.500936,0.500936,0.501284,overlap,-0.001536
16,524,482,-0.014214,-0.018702,-0.018702,-0.014214,overlap,0.501905,0.499450,0.499450,0.501905,overlap,-0.001026
16,525,483,-0.005320,-0.024429,-0.024429,-0.005320,overlap,0.500107,0.499970,0.500107,0.499970,gap,-0.001955
16,526,484,-0.006411,-0.014392,-0.014392,-0.006411,overlap,0.502574,0.500606,0.500606,0.502574,overlap,-0.001225
16,527,485,-0.001813,-0.021061,-0.021061,-0.001813,overlap,0.501181,0.498513,0.498513,0.501181,overlap,-0.001017
16,528,486,-0.009377,-0.019580,-0.019580,-0.009377,overlap,0.501865,0.498329,0.501865,0.498329,gap,-0.000819
16,529,487,-0.010634,-0.029554,-0.029554,-0.010634,overlap,0.502191,0.499673,0.499673,0.502191,overlap,-0.000964
16,530,488,-0.003090,-0.020689,-0.020689,-0.003090,overlap,0.499962,0.497892,0.497892,0.499962,overlap,-0.001093
16,531,489,-0.007630,-0.018827,-0.018827,-0.007630,overlap,0.501249,0.499067,0.499067,0.501249,overlap,-0.000910
16,532,490,-0.003019,-0.018106,-0.018106,-0.003019,overlap,0.502113,0.500374,0.500374,0.502113,overlap,-0.000745
16,533,491,-0.007666,-0.026708,-0.026708,-0.007666,overlap,0.500286,0.499171,0.499171,0.500286,overlap,-0.001247
16,534,492,-0.005993,-0.017929,-0.017929,-0.005993,overlap,0.501280,0.499778,0.499778,0.501280,overlap,-0.000972
16,535,493,-0.012485,-0.013565,-0.013565,-0.012485,overlap,0.500895,0.500367,0.500367,0.500895,overlap,-0.001572
16,536,494,-0.005702,-0.015013,-0.015013,-0.005702,overlap,0.500870,0.499404,0.499404,0.500870,overlap,-0.001221
16,537,495,-0.012277,-0.019187,-0.019187,-0.012277,overlap,0.499736,0.498180,0.498180,0.499736,overlap,-0.001199
16,538,496,-0.007093,-0.015856,-0.015856,-0.007093,overlap,0.501258,0.500191,0.501258,0.500191,gap,-0.001274
16,539,497,-0.011152,-0.019483,-0.019483,-0.011152,overlap,0.502206,0.500194,0.500194,0.502206,overlap,-0.000924
16,540,498,-0.009009,-0.023359,-0.023359,-0.009009,overlap,0.502711,0.499488,0.499488,0.502711,overlap,-0.001184
16,541,499,-0.007963,-0.015382,-0.015382,-0.007963,overlap,0.500803,0.499741,0.499741,0.500803,overlap,-0.001761
1,42,0,-0.004222,-0.026052,-0.026052,-0.004222,overlap,0.504827,0.492131,0.504827,0.492131,gap,-0.001444
1,43,1,-0.005554,-0.021180,-0.021180,-0.005554,overlap,0.511481,0.478898,0.511481,0.478898,gap,-0.002841
1,52,10,-0.002227,-0.016726,-0.016726,-0.002227,overlap,0.505143,0.498051,0.505143,0.498051,gap,-0.000800
1,53,11,-0.005047,-0.027438,-0.027438,-0.005047,overlap,0.502469,0.494699,0.502469,0.494699,gap,-0.000832
1,54,12,-0.007150,-0.020217,-0.020217,-0.007150,overlap,0.510408,0.487745,0.510408,0.487745,gap,-0.002215
1,55,13,-0.005909,-0.019043,-0.019043,-0.005909,overlap,0.502698,0.495389,0.502698,0.495389,gap,-0.001259
1,56,14,-0.003498,-0.028142,-0.028142,-0.003498,overlap,0.502779,0.497749,0.502779,0.497749,gap,-0.000883
1,57,15,-0.006500,-0.022748,-0.022748,-0.006500,overlap,0.509515,0.503828,0.509515,0.503828,gap,-0.000613
1,58,16,-0.006149,-0.018194,-0.018194,-0.006149,overlap,0.504657,0.502600,0.504657,0.502600,gap,-0.001105
1,59,17,-0.007357,-0.019602,-0.019602,-0.007357,overlap,0.503224,0.499581,0.503224,0.499581,gap,-0.000848
1,60,18,-0.007127,-0.014857,-0.014857,-0.007127,overlap,0.504540,0.495000,0.504540,0.495000,gap,-0.001198
1,61,19,-0.007289,-0.021119,-0.021119,-0.007289,overlap,0.500414,0.488441,0.500414,0.488441,gap,-0.001530
1,44,2,-0.006303,-0.021374,-0.021374,-0.006303,overlap,0.504827,0.497244,0.504827,0.497244,gap,-0.001122
1,62,20,-0.011068,-0.018288,-0.018288,-0.011068,overlap,0.499989,0.494887,0.499989,0.494887,gap,-0.000529
1,63,21,-0.002105,-0.022230,-0.022230,-0.002105,overlap,0.506254,0.501486,0.506254,0.501486,gap,-0.000782
1,64,22,-0.004291,-0.020327,-0.020327,-0.004291,overlap,0.508883,0.497856,0.508883,0.497856,gap,-0.001478
1,65,23,-0.003460,-0.020714,-0.020714,-0.003460,overlap,0.515845,0.504213,0.515845,0.504213,gap,-0.001573
1,66,24,-0.001391,-0.023864,-0.023864,-0.001391,overlap,0.498995,0.488849,0.498995,0.488849,gap,-0.001066
1,67,25,-0.004562,-0.030195,-0.030195,-0.004562,overlap,0.497320,0.483588,0.497320,0.483588,gap,-0.001462
1,68,26,-0.006153,-0.025010,-0.025010,-0.006153,overlap,0.506147,0.500729,0.506147,0.500729,gap,-0.000825
1,69,27,-0.006810,-0.010072,-0.010072,-0.006810,overlap,0.508540,0.505200,0.508540,0.505200,gap,-0.000825
1,70,28,-0.005672,-0.020191,-0.020191,-0.005672,overlap,0.507004,0.498069,0.507004,0.498069,gap,-0.000955
1,71,29,-0.006503,-0.020174,-0.020174,-0.006503,overlap,0.503626,0.498789,0.503626,0.498789,gap,-0.001194
1,45,3,-0.007591,-0.018711,-0.018711,-0.007591,overlap,0.498515,0.487593,0.498515,0.487593,gap,-0.001362
1,72,30,-0.005042,-0.020170,-0.020170,-0.005042,overlap,0.506154,0.499781,0.506154,0.499781,gap,-0.001150
1,73,31,-0.010222,-0.018745,-0.018745,-0.010222,overlap,0.511007,0.496866,0.511007,0.496866,gap,-0.001399
1,74,32,-0.003090,-0.025365,-0.025365,-0.003090,overlap,0.501507,0.498267,0.501507,0.498267,gap,-0.000842
1,75,33,-0.011867,-0.018557,-0.018557,-0.011867,overlap,0.510315,0.487688,0.510315,0.487688,gap,-0.001790
1,76,34,-0.005150,-0.024317,-0.024317,-0.005150,overlap,0.501643,0.491942,0.501643,0.491942,gap,-0.001087
1,77,35,-0.009321,-0.020795,-0.020795,-0.009321,overlap,0.499478,0.492696,0.499478,0.492696,gap,-0.001031
1,78,36,-0.009895,-0.018216,-0.018216,-0.009895,overlap,0.513325,0.508178,0.513325,0.508178,gap,-0.001197
1,79,37,-0.006641,-0.031329,-0.031329,-0.006641,overlap,0.491209,0.477423,0.491209,0.477423,gap,-0.001617
1,80,38,-0.010404,-0.025034,-0.025034,-0.010404,overlap,0.525421,0.505984,0.525421,0.505984,gap,-0.001827
1,81,39,-0.012325,-0.021244,-0.021244,-0.012325,overlap,0.501762,0.501091,0.501091,0.501762,overlap,-0.002193
1,46,4,-0.011143,-0.020427,-0.020427,-0.011143,overlap,0.516571,0.502222,0.516571,0.502222,gap,-0.001563
1,82,40,-0.008205,-0.022103,-0.022103,-0.008205,overlap,0.511264,0.508264,0.511264,0.508264,gap,-0.001159
1,83,41,-0.004350,-0.020377,-0.020377,-0.004350,overlap,0.510045,0.499592,0.510045,0.499592,gap,-0.001205
1,84,42,-0.011782,-0.014953,-0.011782,-0.014953,gap,0.521209,0.507736,0.521209,0.507736,gap,-0.001393
1,85,43,-0.007370,-0.018380,-0.018380,-0.007370,overlap,0.504186,0.500220,0.504186,0.500220,gap,-0.000613
1,86,44,-0.006634,-0.020427,-0.020427,-0.006634,overlap,0.496468,0.483601,0.496468,0.483601,gap,-0.001398
1,87,45,-0.006214,-0.017928,-0.017928,-0.006214,overlap,0.507488,0.502826,0.507488,0.502826,gap,-0.000884
1,88,46,-0.004668,-0.017215,-0.017215,-0.004668,overlap,0.513254,0.494481,0.513254,0.494481,gap,-0.002132
1,89,47,-0.003633,-0.018117,-0.018117,-0.003633,overlap,0.519580,0.491849,0.519580,0.491849,gap,-0.002457
1,90,48,-0.013252,-0.018952,-0.018952,-0.013252,overlap,0.509080,0.494217,0.509080,0.494217,gap,-0.001451
1,91,49,-0.007174,-0.022646,-0.022646,-0.007174,overlap,0.507106,0.500750,0.507106,0.500750,gap,-0.001180
1,47,5,-0.008013,-0.018607,-0.018607,-0.008013,overlap,0.510818,0.496995,0.510818,0.496995,gap,-0.001326
1,92,50,-0.008700,-0.019491,-0.019491,-0.008700,overlap,0.500456,0.484204,0.500456,0.484204,gap,-0.001696
1,93,51,-0.009779,-0.021649,-0.021649,-0.009779,overlap,0.509509,0.494697,0.509509,0.494697,gap,-0.001539
1,94,52,-0.012904,-0.023195,-0.023195,-0.012904,overlap,0.506115,0.500134,0.506115,0.500134,gap,-0.000943
1,95,53,-0.010112,-0.027774,-0.027774,-0.010112,overlap,0.509991,0.497136,0.509991,0.497136,gap,-0.001708
1,96,54,-0.004726,-0.018723,-0.018723,-0.004726,overlap,0.503782,0.494352,0.503782,0.494352,gap,-0.001213
1,97,55,-0.005856,-0.013461,-0.013461,-0.005856,overlap,0.505327,0.486442,0.505327,0.486442,gap,-0.001655
1,98,56,-0.012115,-0.025598,-0.025598,-0.012115,overlap,0.519795,0.496665,0.519795,0.496665,gap,-0.002376
1,99,57,-0.008226,-0.017878,-0.017878,-0.008226,overlap,0.504436,0.486868,0.504436,0.486868,gap,-0.001686
1,100,58,-0.004150,-0.027833,-0.027833,-0.004150,overlap,0.510033,0.502457,0.510033,0.502457,gap,-0.000969
1,101,59,-0.008625,-0.016765,-0.016765,-0.008625,overlap,0.509655,0.501981,0.509655,0.501981,gap,-0.001106
1,48,6,-0.010177,-0.019286,-0.019286,-0.010177,overlap,0.506435,0.501835,0.506435,0.501835,gap,-0.001138
1,102,60,-0.002292,-0.017900,-0.017900,-0.002292,overlap,0.498334,0.486898,0.498334,0.486898,gap,-0.001363
1,103,61,-0.005747,-0.018791,-0.018791,-0.005747,overlap,0.500823,0.487703,0.500823,0.487703,gap,-0.001323
1,104,62,-0.007258,-0.020620,-0.020620,-0.007258,overlap,0.513643,0.503255,0.513643,0.503255,gap,-0.001253
1,105,63,-0.012628,-0.019037,-0.019037,-0.012628,overlap,0.504199,0.490842,0.504199,0.490842,gap,-0.001606
1,106,64,-0.009459,-0.018307,-0.018307,-0.009459,overlap,0.502231,0.476068,0.502231,0.476068,gap,-0.002432
1,107,65,-0.005169,-0.032367,-0.032367,-0.005169,overlap,0.499090,0.488342,0.499090,0.488342,gap,-0.001238
1,108,66,-0.006431,-0.029820,-0.029820,-0.006431,overlap,0.508328,0.497249,0.508328,0.497249,gap,-0.001187
1,109,67,-0.006242,-0.018392,-0.018392,-0.006242,overlap,0.510004,0.480633,0.510004,0.480633,gap,-0.002453
1,110,68,-0.011038,-0.025247,-0.025247,-0.011038,overlap,0.503007,0.499470,0.503007,0.499470,gap,-0.001002
1,111,69,-0.002072,-0.013036,-0.013036,-0.002072,overlap,0.503949,0.496706,0.503949,0.496706,gap,-0.000994
1,49,7,-0.007313,-0.023131,-0.023131,-0.007313,overlap,0.503969,0.490466,0.503969,0.490466,gap,-0.001070
1,112,70,-0.012375,-0.022152,-0.022152,-0.012375,overlap,0.507137,0.502378,0.507137,0.502378,gap,-0.001026
1,113,71,-0.008325,-0.018645,-0.018645,-0.008325,overlap,0.501299,0.492152,0.501299,0.492152,gap,-0.001046
1,114,72,-0.007336,-0.020192,-0.020192,-0.007336,overlap,0.526189,0.492139,0.526189,0.492139,gap,-0.003245
1,115,73,-0.002721,-0.022166,-0.022166,-0.002721,overlap,0.508207,0.498233,0.508207,0.498233,gap,-0.001040
1,116,74,-0.009377,-0.021848,-0.021848,-0.009377,overlap,0.499837,0.499837,0.499837,0.499837,touch,-0.002185
1,117,75,-0.010657,-0.022738,-0.022738,-0.010657,overlap,0.503116,0.498254,0.503116,0.498254,gap,-0.000849
1,118,76,-0.007679,-0.014549,-0.014549,-0.007679,overlap,0.509606,0.496186,0.509606,0.496186,gap,-0.001062
1,119,77,0.001096,-0.025564,-0.025564,0.001096,overlap,0.511081,0.495604,0.511081,0.495604,gap,-0.001851
1,120,78,-0.006078,-0.017946,-0.017946,-0.006078,overlap,0.512264,0.503402,0.512264,0.503402,gap,-0.001095
1,121,79,-0.003019,-0.019267,-0.019267,-0.003019,overlap,0.505074,0.494104,0.505074,0.494104,gap,-0.001503
1,50,8,-0.003842,-0.018282,-0.018282,-0.003842,overlap,0.512707,0.503640,0.512707,0.503640,gap,-0.001189
1,122,80,-0.007021,-0.015806,-0.015806,-0.007021,overlap,0.499185,0.492370,0.499185,0.492370,gap,-0.001069
1,123,81,-0.000269,-0.017428,-0.017428,-0.000269,overlap,0.508656,0.499466,0.508656,0.499466,gap,-0.001104
1,124,82,-0.006879,-0.027337,-0.027337,-0.006879,overlap,0.506672,0.499490,0.506672,0.499490,gap,-0.000972
1,125,83,-0.006969,-0.020589,-0.020589,-0.006969,overlap,0.509735,0.492740,0.509735,0.492740,gap,-0.001700
1,126,84,-0.012508,-0.019392,-0.019392,-0.012508,overlap,0.499447,0.497979,0.499447,0.497979,gap,-0.000672
1,127,85,0.001737,-0.027215,-0.027215,0.001737,overlap,0.507202,0.504567,0.507202,0.504567,gap,-0.000810
1,128,86,-0.004190,-0.020689,-0.020689,-0.004190,overlap,0.499285,0.491743,0.499285,0.491743,gap,-0.001093
1,129,87,-0.011203,-0.014311,-0.014311,-0.011203,overlap,0.504879,0.498518,0.504879,0.498518,gap,-0.001210
1,130,88,-0.015326,-0.021037,-0.021037,-0.015326,overlap,0.506580,0.494011,0.506580,0.494011,gap,-0.001493
1,131,89,-0.007132,-0.018572,-0.018572,-0.007132,overlap,0.504301,0.490525,0.504301,0.490525,gap,-0.001686
1,51,9,-0.011147,-0.026802,-0.026802,-0.011147,overlap,0.507222,0.490702,0.507222,0.490702,gap,-0.001510
1,132,90,-0.002794,-0.019426,-0.019426,-0.002794,overlap,0.515316,0.490083,0.515316,0.490083,gap,-0.002398
1,133,91,-0.002335,-0.030827,-0.030827,-0.002335,overlap,0.509466,0.482038,0.509466,0.482038,gap,-0.002300
1,134,92,-0.005004,-0.022484,-0.022484,-0.005004,overlap,0.514630,0.506075,0.514630,0.506075,gap,-0.001011
1,135,93,0.000721,-0.010052,-0.010052,0.000721,overlap,0.500543,0.499544,0.500543,0.499544,gap,-0.001463
1,136,94,-0.003274,-0.024596,-0.024596,-0.003274,overlap,0.507512,0.500490,0.507512,0.500490,gap,-0.001141
1,137,95,-0.008214,-0.020242,-0.020242,-0.008214,overlap,0.498606,0.483678,0.498606,0.483678,gap,-0.001492
1,138,96,-0.006216,-0.027119,-0.027119,-0.006216,overlap,0.509316,0.500743,0.509316,0.500743,gap,-0.001390
1,139,97,-0.001777,-0.018793,-0.018793,-0.001777,overlap,0.501706,0.497107,0.501706,0.497107,gap,-0.001275
1,140,98,-0.005378,-0.026401,-0.026401,-0.005378,overlap,0.508522,0.503848,0.508522,0.503848,gap,-0.001100
1,141,99,-0.001847,-0.022833,-0.022833,-0.001847,overlap,0.506484,0.479561,0.506484,0.479561,gap,-0.002841
2,142,100,-0.007353,-0.027349,-0.027349,-0.007353,overlap,0.509980,0.499297,0.509980,0.499297,gap,-0.001377
2,143,101,-0.003407,-0.020129,-0.020129,-0.003407,overlap,0.504459,0.503561,0.504459,0.503561,gap,-0.001528
2,144,102,-0.012561,-0.021622,-0.021622,-0.012561,overlap,0.507477,0.496471,0.507477,0.496471,gap,-0.001131
2,145,103,-0.012113,-0.019090,-0.019090,-0.012113,overlap,0.507670,0.493998,0.507670,0.493998,gap,-0.001588
2,146,104,-0.003345,-0.019286,-0.019286,-0.003345,overlap,0.508197,0.502869,0.508197,0.502869,gap,-0.001043
2,147,105,-0.004815,-0.024329,-0.024329,-0.004815,overlap,0.504113,0.498942,0.504113,0.498942,gap,-0.000947
2,148,106,-0.005864,-0.028514,-0.028514,-0.005864,overlap,0.501776,0.500219,0.500219,0.501776,overlap,-0.001255
2,149,107,-0.003699,-0.023749,-0.023749,-0.003699,overlap,0.501968,0.501083,0.501083,0.501968,overlap,-0.001930
2,150,108,-0.001586,-0.018567,-0.018567,-0.001586,overlap,0.504717,0.495426,0.504717,0.495426,gap,-0.001149
2,151,109,-0.006226,-0.014535,-0.014535,-0.006226,overlap,0.500135,0.495897,0.500135,0.495897,gap,-0.000961
2,152,110,-0.010757,-0.019509,-0.019509,-0.010757,overlap,0.506078,0.499751,0.506078,0.499751,gap,-0.000895
2,153,111,-0.015675,-0.016705,-0.015675,-0.016705,gap,0.504910,0.501671,0.504910,0.501671,gap,-0.000615
2,154,112,-0.007258,-0.019506,-0.019506,-0.007258,overlap,0.502855,0.501358,0.501358,0.502855,overlap,-0.001700
2,155,113,-0.005972,-0.020150,-0.020150,-0.005972,overlap,0.505809,0.503373,0.505809,0.503373,gap,-0.000973
2,156,114,-0.005928,-0.025710,-0.025710,-0.005928,overlap,0.499902,0.498739,0.499902,0.498739,gap,-0.001139
2,157,115,-0.006798,-0.020466,-0.020466,-0.006798,overlap,0.503382,0.497817,0.503382,0.497817,gap,-0.001198
2,158,116,-0.002386,-0.023359,-0.023359,-0.002386,overlap,0.504699,0.491401,0.504699,0.491401,gap,-0.001331
2,159,117,-0.003221,-0.025035,-0.025035,-0.003221,overlap,0.507923,0.497591,0.507923,0.497591,gap,-0.001439
2,160,118,-0.011512,-0.018356,-0.018356,-0.011512,overlap,0.511042,0.496553,0.511042,0.496553,gap,-0.001187
2,161,119,-0.005538,-0.018784,-0.018784,-0.005538,overlap,0.509192,0.492122,0.509192,0.492122,gap,-0.001755
2,162,120,-0.012146,-0.012146,-0.012146,-0.012146,touch,0.505236,0.491849,0.505236,0.491849,gap,-0.001515
2,163,121,-0.005706,-0.024212,-0.024212,-0.005706,overlap,0.499464,0.499066,0.499464,0.499066,gap,-0.001897
2,164,122,-0.005173,-0.015346,-0.015346,-0.005173,overlap,0.508864,0.501855,0.508864,0.501855,gap,-0.000870
2,165,123,-0.007174,-0.027067,-0.027067,-0.007174,overlap,0.499371,0.499098,0.499371,0.499098,gap,-0.001929
2,166,124,-0.005227,-0.021210,-0.021210,-0.005227,overlap,0.498055,0.497122,0.498055,0.497122,gap,-0.001199
2,167,125,-0.005797,-0.015538,-0.015538,-0.005797,overlap,0.504021,0.491715,0.504021,0.491715,gap,-0.001476
2,168,126,-0.005479,-0.019757,-0.019757,-0.005479,overlap,0.498806,0.497136,0.498806,0.497136,gap,-0.001527
2,169,127,-0.012385,-0.021329,-0.021329,-0.012385,overlap,0.517994,0.493109,0.517994,0.493109,gap,-0.002227
2,170,128,-0.015052,-0.025073,-0.025073,-0.015052,overlap,0.502424,0.501663,0.501663,0.502424,overlap,-0.001272
2,171,129,-0.002961,-0.030270,-0.030270,-0.002961,overlap,0.503119,0.496087,0.503119,0.496087,gap,-0.001240
2,172,130,-0.007329,-0.015673,-0.015673,-0.007329,overlap,0.500763,0.499923,0.500763,0.499923,gap,-0.000801
2,173,131,-0.013151,-0.015375,-0.015375,-0.013151,overlap,0.503744,0.486500,0.503744,0.486500,gap,-0.001559
2,174,132,-0.005856,-0.019979,-0.019979,-0.005856,overlap,0.504214,0.500640,0.504214,0.500640,gap,-0.001331
2,175,133,-0.007439,-0.028652,-0.028652,-0.007439,overlap,0.503458,0.496154,0.503458,0.496154,gap,-0.000811
2,176,134,-0.018416,-0.019506,-0.019506,-0.018416,overlap,0.511477,0.503862,0.511477,0.503862,gap,-0.001044
2,177,135,-0.004292,-0.024248,-0.024248,-0.004292,overlap,0.511899,0.496900,0.511899,0.496900,gap,-0.001719
2,178,136,-0.005290,-0.017389,-0.017389,-0.005290,overlap,0.506884,0.494506,0.506884,0.494506,gap,-0.001242
2,179,137,-0.005382,-0.016184,-0.016184,-0.005382,overlap,0.505613,0.490612,0.505613,0.490612,gap,-0.001387
2,180,138,-0.003705,-0.022348,-0.022348,-0.003705,overlap,0.503164,0.496814,0.503164,0.496814,gap,-0.000754
2,181,139,-0.016078,-0.023110,-0.023110,-0.016078,overlap,0.500459,0.495934,0.500459,0.495934,gap,-0.000922
2,182,140,-0.007485,-0.022879,-0.022879,-0.007485,overlap,0.518483,0.504201,0.518483,0.504201,gap,-0.001746
2,183,141,-0.011026,-0.018867,-0.018867,-0.011026,overlap,0.504237,0.491807,0.504237,0.491807,gap,-0.001519
2,184,142,-0.002842,-0.019705,-0.019705,-0.002842,overlap,0.505614,0.500409,0.505614,0.500409,gap,-0.001047
2,185,143,-0.002217,-0.020671,-0.020671,-0.002217,overlap,0.508076,0.496732,0.508076,0.496732,gap,-0.001423
2,186,144,-0.007251,-0.022308,-0.022308,-0.007251,overlap,0.509175,0.501800,0.509175,0.501800,gap,-0.001097
2,187,145,-0.007979,-0.019181,-0.019181,-0.007979,overlap,0.502430,0.499036,0.502430,0.499036,gap,-0.000940
2,188,146,-0.004284,-0.019779,-0.019779,-0.004284,overlap,0.502764,0.501966,0.501966,0.502764,overlap,-0.001942
2,189,147,-0.011645,-0.020714,-0.020714,-0.011645,overlap,0.504113,0.494566,0.504113,0.494566,gap,-0.001025
2,190,148,-0.001869,-0.018904,-0.018904,-0.001869,overlap,0.507489,0.498047,0.507489,0.498047,gap,-0.000918
2,191,149,-0.005418,-0.025545,-0.025545,-0.005418,overlap,0.506152,0.493511,0.506152,0.493511,gap,-0.001698
2,192,150,-0.006284,-0.022583,-0.022583,-0.006284,overlap,0.502099,0.499108,0.502099,0.499108,gap,-0.000589
2,193,151,-0.003461,-0.021592,-0.021592,-0.003461,overlap,0.509737,0.490983,0.509737,0.490983,gap,-0.001686
2,194,152,-0.006934,-0.021834,-0.021834,-0.006934,overlap,0.505412,0.497424,0.505412,0.497424,gap,-0.001019
2,195,153,-0.010151,-0.024224,-0.024224,-0.010151,overlap,0.499502,0.486131,0.499502,0.486131,gap,-0.001484
2,196,154,-0.006882,-0.017190,-0.017190,-0.006882,overlap,0.505834,0.500112,0.505834,0.500112,gap,-0.000717
2,197,155,-0.002684,-0.026100,-0.026100,-0.002684,overlap,0.502086,0.492809,0.502086,0.492809,gap,-0.001136
2,198,156,-0.001827,-0.018650,-0.018650,-0.001827,overlap,0.510554,0.486170,0.510554,0.486170,gap,-0.001906
2,199,157,-0.006500,-0.030872,-0.030872,-0.006500,overlap,0.499507,0.499356,0.499507,0.499356,gap,-0.002289
2,200,158,-0.001869,-0.019346,-0.019346,-0.001869,overlap,0.509967,0.492516,0.509967,0.492516,gap,-0.001779
2,201,159,-0.007552,-0.021233,-0.021233,-0.007552,overlap,0.505878,0.504356,0.505878,0.504356,gap,-0.000913
2,202,160,-0.001749,-0.024019,-0.024019,-0.001749,overlap,0.510020,0.498072,0.510020,0.498072,gap,-0.001600
2,203,161,-0.006189,-0.027890,-0.027890,-0.006189,overlap,0.506323,0.496060,0.506323,0.496060,gap,-0.001450
2,204,162,-0.007919,-0.027424,-0.027424,-0.007919,overlap,0.499884,0.498419,0.498419,0.499884,overlap,-0.001477
2,205,163,-0.010096,-0.016785,-0.010096,-0.016785,gap,0.501672,0.488278,0.501672,0.488278,gap,-0.001670
2,206,164,-0.007485,-0.020511,-0.020511,-0.007485,overlap,0.501991,0.497433,0.501991,0.497433,gap,-0.000816
2,207,165,-0.011266,-0.026882,-0.026882,-0.011266,overlap,0.501267,0.500085,0.501267,0.500085,gap,-0.000970
2,208,166,-0.009241,-0.023704,-0.023704,-0.009241,overlap,0.507280,0.500839,0.507280,0.500839,gap,-0.001220
2,209,167,-0.016930,-0.026844,-0.026844,-0.016930,overlap,0.504401,0.490734,0.504401,0.490734,gap,-0.001426
2,210,168,-0.012303,-0.019267,-0.019267,-0.012303,overlap,0.501136,0.498332,0.501136,0.498332,gap,-0.000975
2,211,169,-0.003433,-0.020141,-0.020141,-0.003433,overlap,0.505784,0.496276,0.505784,0.496276,gap,-0.001136
2,212,170,-0.012919,-0.018478,-0.018478,-0.012919,overlap,0.504742,0.501315,0.504742,0.501315,gap,-0.000906
2,213,171,-0.010609,-0.018224,-0.018224,-0.010609,overlap,0.512070,0.503258,0.512070,0.503258,gap,-0.001188
2,214,172,-0.005459,-0.021189,-0.021189,-0.005459,overlap,0.505155,0.495647,0.505155,0.495647,gap,-0.001144
2,215,173,-0.002421,-0.028252,-0.028252,-0.002421,overlap,0.507369,0.502936,0.507369,0.502936,gap,-0.001107
2,216,174,-0.007145,-0.014140,-0.014140,-0.007145,overlap,0.504198,0.491711,0.504198,0.491711,gap,-0.001422
2,217,175,-0.006479,-0.015375,-0.015375,-0.006479,overlap,0.508010,0.495175,0.508010,0.495175,gap,-0.001286
2,218,176,-0.004290,-0.022233,-0.022233,-0.004290,overlap,0.505111,0.501913,0.505111,0.501913,gap,-0.000687
2,219,177,-0.007618,-0.016488,-0.016488,-0.007618,overlap,0.500843,0.499583,0.500843,0.499583,gap,-0.001232
2,220,178,-0.011800,-0.014856,-0.014856,-0.011800,overlap,0.504810,0.497802,0.504810,0.497802,gap,-0.001022
2,221,179,-0.012064,-0.019932,-0.019932,-0.012064,overlap,0.499334,0.497471,0.499334,0.497471,gap,-0.001244
2,222,180,-0.004824,-0.020447,-0.020447,-0.004824,overlap,0.520061,0.498065,0.520061,0.498065,gap,-0.002069
2,223,181,-0.011207,-0.019558,-0.019558,-0.011207,overlap,0.510868,0.495545,0.510868,0.495545,gap,-0.001610
2,224,182,-0.007462,-0.021416,-0.021416,-0.007462,overlap,0.504912,0.491923,0.504912,0.491923,gap,-0.001430
2,225,183,-0.007363,-0.019443,-0.019443,-0.007363,overlap,0.499472,0.498845,0.499472,0.498845,gap,-0.001146
2,226,184,-0.010036,-0.030684,-0.030684,-0.010036,overlap,0.505586,0.492701,0.505586,0.492701,gap,-0.001329
2,227,185,-0.007746,-0.024139,-0.024139,-0.007746,overlap,0.499869,0.495927,0.499869,0.495927,gap,-0.000831
2,228,186,-0.004276,-0.018130,-0.018130,-0.004276,overlap,0.495721,0.494330,0.495721,0.494330,gap,-0.001537
2,229,187,-0.003571,-0.021101,-0.021101,-0.003571,overlap,0.509700,0.499455,0.509700,0.499455,gap,-0.001301
2,230,188,-0.000351,-0.016238,-0.016238,-0.000351,overlap,0.502097,0.500835,0.502097,0.500835,gap,-0.000864
2,231,189,-0.010686,-0.020699,-0.020699,-0.010686,overlap,0.506211,0.500282,0.506211,0.500282,gap,-0.000800
2,232,190,0.002121,-0.011861,-0.011861,0.002121,overlap,0.509176,0.497177,0.509176,0.497177,gap,-0.001235
2,233,191,-0.014000,-0.021003,-0.021003,-0.014000,overlap,0.499428,0.496332,0.499428,0.496332,gap,-0.001027
2,234,192,-0.004444,-0.010590,-0.010590,-0.004444,overlap,0.503293,0.503127,0.503127,0.503293,overlap,-0.001814
2,235,193,-0.012199,-0.020174,-0.020174,-0.012199,overlap,0.507529,0.495659,0.507529,0.495659,gap,-0.001166
2,236,194,-0.012516,-0.022331,-0.022331,-0.012516,overlap,0.503576,0.496933,0.503576,0.496933,gap,-0.000856
2,237,195,-0.009420,-0.019716,-0.019716,-0.009420,overlap,0.508168,0.495524,0.508168,0.495524,gap,-0.001284
2,238,196,-0.005927,-0.029842,-0.029842,-0.005927,overlap,0.500152,0.499755,0.500152,0.499755,gap,-0.002211
2,239,197,-0.006519,-0.020424,-0.020424,-0.006519,overlap,0.502737,0.496379,0.502737,0.496379,gap,-0.001265
2,240,198,-0.003952,-0.028083,-0.028083,-0.003952,overlap,0.504134,0.503309,0.504134,0.503309,gap,-0.001492
2,241,199,-0.004896,-0.023006,-0.023006,-0.004896,overlap,0.518800,0.499642,0.518800,0.499642,gap,-0.002053
4,242,200,-0.013276,-0.028393,-0.028393,-0.013276,overlap,0.501766,0.500439,0.500439,0.501766,overlap,-0.001212
4,243,201,-0.007591,-0.018711,-0.018711,-0.007591,overlap,0.513082,0.497712,0.513082,0.497712,gap,-0.001721
4,244,202,-0.009727,-0.020945,-0.020945,-0.009727,overlap,0.499524,0.497784,0.497784,0.499524,overlap,-0.001254
4,245,203,-0.009820,-0.020191,-0.020191,-0.009820,overlap,0.499512,0.498234,0.498234,0.499512,overlap,-0.000781
4,246,204,-0.008698,-0.018145,-0.018145,-0.008698,overlap,0.500047,0.498189,0.500047,0.498189,gap,-0.000798
4,247,205,-0.012303,-0.023909,-0.023909,-0.012303,overlap,0.500726,0.499071,0.500726,0.499071,gap,-0.001087
4,248,206,-0.006369,-0.017785,-0.017785,-0.006369,overlap,0.504556,0.501454,0.504556,0.501454,gap,-0.000975
4,249,207,-0.012644,-0.016049,-0.016049,-0.012644,overlap,0.500614,0.495298,0.500614,0.495298,gap,-0.001167
4,250,208,-0.005583,-0.017441,-0.017441,-0.005583,overlap,0.506891,0.498140,0.506891,0.498140,gap,-0.001029
4,251,209,-0.007683,-0.019981,-0.019981,-0.007683,overlap,0.502229,0.499650,0.502229,0.499650,gap,-0.000943
4,252,210,-0.015113,-0.018230,-0.018230,-0.015113,overlap,0.501389,0.501097,0.501097,0.501389,overlap,-0.002319
4,253,211,-0.014263,-0.018711,-0.018711,-0.014263,overlap,0.501844,0.500217,0.501844,0.500217,gap,-0.001216
4,254,212,-0.004583,-0.024849,-0.024849,-0.004583,overlap,0.501227,0.500916,0.501227,0.500916,gap,-0.001233
4,255,213,-0.005988,-0.025436,-0.025436,-0.005988,overlap,0.502451,0.500778,0.502451,0.500778,gap,-0.000817
4,256,214,-0.013656,-0.023982,-0.023982,-0.013656,overlap,0.501412,0.499770,0.501412,0.499770,gap,-0.000839
4,257,215,-0.011404,-0.027606,-0.027606,-0.011404,overlap,0.501038,0.497878,0.501038,0.497878,gap,-0.000824
4,258,216,-0.008822,-0.015785,-0.015785,-0.008822,overlap,0.505106,0.499187,0.505106,0.499187,gap,-0.001104
4,259,217,-0.001865,-0.021978,-0.021978,-0.001865,overlap,0.500864,0.500864,0.500864,0.500864,touch,-0.001507
4,260,218,-0.009572,-0.017982,-0.017982,-0.009572,overlap,0.510932,0.498051,0.510932,0.498051,gap,-0.001773
4,261,219,0.001471,-0.019292,-0.019292,0.001471,overlap,0.502605,0.499004,0.502605,0.499004,gap,-0.000741
4,262,220,-0.005117,-0.029984,-0.029984,-0.005117,overlap,0.501017,0.499087,0.499087,0.501017,overlap,-0.000973
4,263,221,-0.003586,-0.020034,-0.020034,-0.003586,overlap,0.503975,0.494411,0.503975,0.494411,gap,-0.001286
4,264,222,-0.004060,-0.023709,-0.023709,-0.004060,overlap,0.500201,0.499309,0.500201,0.499309,gap,-0.001223
4,265,223,-0.003380,-0.025022,-0.025022,-0.003380,overlap,0.500439,0.498360,0.500439,0.498360,gap,-0.000657
4,266,224,-0.006746,-0.021029,-0.021029,-0.006746,overlap,0.502231,0.499102,0.502231,0.499102,gap,-0.000743
4,267,225,-0.008533,-0.021334,-0.021334,-0.008533,overlap,0.503828,0.500543,0.503828,0.500543,gap,-0.000806
4,268,226,-0.007363,-0.017247,-0.017247,-0.007363,overlap,0.506043,0.497776,0.506043,0.497776,gap,-0.001216
4,269,227,-0.011814,-0.024087,-0.024087,-0.011814,overlap,0.503412,0.496966,0.503412,0.496966,gap,-0.000953
4,270,228,-0.004687,-0.014940,-0.014940,-0.004687,overlap,0.499698,0.499029,0.499698,0.499029,gap,-0.001164
4,271,229,-0.004583,-0.018098,-0.018098,-0.004583,overlap,0.499813,0.498280,0.498280,0.499813,overlap,-0.001196
4,272,230,-0.005834,-0.016049,-0.016049,-0.005834,overlap,0.504907,0.498135,0.504907,0.498135,gap,-0.001241
4,273,231,-0.004004,-0.020407,-0.020407,-0.004004,overlap,0.500757,0.499633,0.499633,0.500757,overlap,-0.001089
4,274,232,-0.012353,-0.014484,-0.014484,-0.012353,overlap,0.503010,0.496657,0.503010,0.496657,gap,-0.001219
4,275,233,-0.011900,-0.018753,-0.018753,-0.011900,overlap,0.500780,0.500532,0.500532,0.500780,overlap,-0.001726
4,276,234,-0.012077,-0.018927,-0.018927,-0.012077,overlap,0.498825,0.496666,0.496666,0.498825,overlap,-0.001239
4,277,235,-0.010971,-0.024150,-0.024150,-0.010971,overlap,0.502545,0.489767,0.502545,0.489767,gap,-0.001487
4,278,236,0.000026,-0.025433,-0.025433,0.000026,overlap,0.501662,0.500837,0.501662,0.500837,gap,-0.001643
4,279,237,-0.001035,-0.037749,-0.037749,-0.001035,overlap,0.503497,0.499827,0.503497,0.499827,gap,-0.000836
4,280,238,-0.004812,-0.019133,-0.019133,-0.004812,overlap,0.503769,0.497205,0.503769,0.497205,gap,-0.001252
4,281,239,-0.005636,-0.014555,-0.014555,-0.005636,overlap,0.502992,0.499635,0.502992,0.499635,gap,-0.000880
4,282,240,-0.007919,-0.022834,-0.022834,-0.007919,overlap,0.505408,0.496419,0.505408,0.496419,gap,-0.001321
4,283,241,-0.006742,-0.027075,-0.027075,-0.006742,overlap,0.502402,0.500352,0.500352,0.502402,overlap,-0.001202
4,284,242,-0.014624,-0.018106,-0.018106,-0.014624,overlap,0.501585,0.498681,0.498681,0.501585,overlap,-0.000860
4,285,243,-0.004638,-0.020498,-0.020498,-0.004638,overlap,0.506295,0.498271,0.506295,0.498271,gap,-0.001415
4,286,244,-0.002882,-0.015714,-0.015714,-0.002882,overlap,0.499923,0.494444,0.499923,0.494444,gap,-0.000845
4,287,245,-0.007868,-0.022288,-0.022288,-0.007868,overlap,0.506850,0.497416,0.506850,0.497416,gap,-0.001151
4,288,246,-0.012875,-0.024986,-0.024986,-0.012875,overlap,0.500321,0.500204,0.500321,0.500204,gap,-0.001572
4,289,247,-0.005511,-0.021553,-0.021553,-0.005511,overlap,0.508886,0.495402,0.508886,0.495402,gap,-0.001701
4,290,248,-0.002121,-0.024085,-0.024085,-0.002121,overlap,0.501313,0.497880,0.501313,0.497880,gap,-0.001079
4,291,249,-0.008379,-0.019439,-0.019439,-0.008379,overlap,0.501863,0.500190,0.500190,0.501863,overlap,-0.000754
4,292,250,-0.008247,-0.016053,-0.016053,-0.008247,overlap,0.501427,0.500997,0.501427,0.500997,gap,-0.001644
4,293,251,-0.007409,-0.022494,-0.022494,-0.007409,overlap,0.500286,0.498474,0.500286,0.498474,gap,-0.000842
4,294,252,-0.015950,-0.020540,-0.020540,-0.015950,overlap,0.500341,0.499075,0.499075,0.500341,overlap,-0.001118
4,295,253,-0.005658,-0.018188,-0.018188,-0.005658,overlap,0.507556,0.503249,0.507556,0.503249,gap,-0.000993
4,296,254,-0.005988,-0.020860,-0.020860,-0.005988,overlap,0.507002,0.497758,0.507002,0.497758,gap,-0.001017
4,297,255,-0.007862,-0.019817,-0.019817,-0.007862,overlap,0.498709,0.497886,0.497886,0.498709,overlap,-0.001399
4,298,256,-0.006969,-0.020589,-0.020589,-0.006969,overlap,0.501352,0.501352,0.501352,0.501352,touch,-0.001664
4,299,257,-0.012666,-0.019899,-0.019899,-0.012666,overlap,0.501882,0.501642,0.501642,0.501882,overlap,-0.001691
4,300,258,-0.005769,-0.031504,-0.031504,-0.005769,overlap,0.504546,0.493939,0.504546,0.493939,gap,-0.001206
4,301,259,-0.003479,-0.031341,-0.031341,-0.003479,overlap,0.501130,0.493593,0.501130,0.493593,gap,-0.001248
4,302,260,-0.005459,-0.024466,-0.024466,-0.005459,overlap,0.508088,0.491947,0.508088,0.491947,gap,-0.001536
4,303,261,-0.005410,-0.014126,-0.014126,-0.005410,overlap,0.500315,0.499854,0.499854,0.500315,overlap,-0.001659
4,304,262,-0.003317,-0.018348,-0.018348,-0.003317,overlap,0.501272,0.497161,0.501272,0.497161,gap,-0.001042
4,305,263,-0.012796,-0.027401,-0.027401,-0.012796,overlap,0.504251,0.501589,0.504251,0.501589,gap,-0.000816
4,306,264,-0.001771,-0.018602,-0.018602,-0.001771,overlap,0.500375,0.500375,0.500375,0.500375,touch,-0.001796
4,307,265,-0.008339,-0.022304,-0.022304,-0.008339,overlap,0.512618,0.494542,0.512618,0.494542,gap,-0.001648
4,308,266,-0.010570,-0.021695,-0.021695,-0.010570,overlap,0.501348,0.500984,0.501348,0.500984,gap,-0.001692
4,309,267,-0.004847,-0.025457,-0.025457,-0.004847,overlap,0.501557,0.499959,0.499959,0.501557,overlap,-0.001098
4,310,268,-0.010975,-0.018819,-0.018819,-0.010975,overlap,0.501359,0.500712,0.500712,0.501359,overlap,-0.000954
4,311,269,-0.002072,-0.020711,-0.020711,-0.002072,overlap,0.499909,0.498874,0.499909,0.498874,gap,-0.001497
4,312,270,-0.007866,-0.019014,-0.019014,-0.007866,overlap,0.501267,0.501125,0.501267,0.501125,gap,-0.001856
4,313,271,-0.004668,-0.018356,-0.018356,-0.004668,overlap,0.500770,0.499241,0.500770,0.499241,gap,-0.000717
4,314,272,-0.005558,-0.017075,-0.017075,-0.005558,overlap,0.505868,0.501501,0.505868,0.501501,gap,-0.000942
4,315,273,-0.007663,-0.019090,-0.019090,-0.007663,overlap,0.501951,0.501680,0.501680,0.501951,overlap,-0.001725
4,316,274,-0.015099,-0.020588,-0.020588,-0.015099,overlap,0.500551,0.498614,0.500551,0.498614,gap,-0.000653
4,317,275,-0.007189,-0.020299,-0.020299,-0.007189,overlap,0.502286,0.499508,0.499508,0.502286,overlap,-0.001010
4,318,276,-0.001836,-0.020742,-0.020742,-0.001836,overlap,0.502885,0.498991,0.502885,0.498991,gap,-0.001015
4,319,277,-0.004255,-0.023159,-0.023159,-0.004255,overlap,0.506895,0.492145,0.506895,0.492145,gap,-0.001415
4,320,278,-0.006929,-0.021042,-0.021042,-0.006929,overlap,0.503908,0.499032,0.503908,0.499032,gap,-0.000794
4,321,279,-0.010381,-0.021458,-0.021458,-0.010381,overlap,0.501317,0.501170,0.501317,0.501170,gap,-0.002138
4,322,280,-0.012875,-0.033794,-0.033794,-0.012875,overlap,0.504075,0.501711,0.504075,0.501711,gap,-0.001023
4,323,281,-0.008675,-0.025035,-0.025035,-0.008675,overlap,0.508943,0.490625,0.508943,0.490625,gap,-0.001996
4,324,282,-0.012620,-0.021379,-0.021379,-0.012620,overlap,0.499702,0.498113,0.498113,0.499702,overlap,-0.001176
4,325,283,-0.012195,-0.023635,-0.023635,-0.012195,overlap,0.505249,0.498423,0.505249,0.498423,gap,-0.000987
4,326,284,-0.004674,-0.015750,-0.015750,-0.004674,overlap,0.503147,0.501019,0.503147,0.501019,gap,-0.000696
4,327,285,-0.008351,-0.022880,-0.022880,-0.008351,overlap,0.500123,0.498047,0.500123,0.498047,gap,-0.001140
4,328,286,-0.003085,-0.019035,-0.019035,-0.003085,overlap,0.500998,0.497923,0.497923,0.500998,overlap,-0.001250
4,329,287,-0.008567,-0.019258,-0.019258,-0.008567,overlap,0.501574,0.501183,0.501574,0.501183,gap,-0.001263
4,330,288,-0.009166,-0.017331,-0.017331,-0.009166,overlap,0.505302,0.495394,0.505302,0.495394,gap,-0.001243
4,331,289,-0.001942,-0.022953,-0.022953,-0.001942,overlap,0.502945,0.502808,0.502945,0.502808,gap,-0.001678
4,332,290,-0.009228,-0.019170,-0.019170,-0.009228,overlap,0.499652,0.497211,0.499652,0.497211,gap,-0.001121
4,333,291,-0.003845,-0.019480,-0.019480,-0.003845,overlap,0.501170,0.499213,0.501170,0.499213,gap,-0.001481
4,334,292,-0.006365,-0.018185,-0.018185,-0.006365,overlap,0.502856,0.496012,0.502856,0.496012,gap,-0.001151
4,335,293,-0.012990,-0.020689,-0.020689,-0.012990,overlap,0.503619,0.496886,0.503619,0.496886,gap,-0.000974
4,336,294,-0.005047,-0.021037,-0.021037,-0.005047,overlap,0.500817,0.498628,0.498628,0.500817,overlap,-0.000902
4,337,295,-0.013175,-0.018578,-0.018578,-0.013175,overlap,0.497479,0.495969,0.497479,0.495969,gap,-0.001651
4,338,296,0.001682,-0.013901,-0.013901,0.001682,overlap,0.502723,0.500230,0.500230,0.502723,overlap,-0.001109
4,339,297,-0.002763,-0.016468,-0.016468,-0.002763,overlap,0.503461,0.501088,0.503461,0.501088,gap,-0.001105
4,340,298,-0.011959,-0.019402,-0.019402,-0.011959,overlap,0.500891,0.497875,0.500891,0.497875,gap,-0.000666
4,341,299,-0.005320,-0.018808,-0.018808,-0.005320,overlap,0.503527,0.499532,0.503527,0.499532,gap,-0.000901
8,342,300,-0.004194,-0.014039,-0.014039,-0.004194,overlap,0.500952,0.498130,0.498130,0.500952,overlap,-0.001081
8,343,301,-0.006902,-0.015432,-0.015432,-0.006902,overlap,0.500723,0.499155,0.499155,0.500723,overlap,-0.001009
8,344,302,-0.007611,-0.026606,-0.026606,-0.007611,overlap,0.502180,0.499405,0.502180,0.499405,gap,-0.000864
8,345,303,0.000518,-0.021184,-0.021184,0.000518,overlap,0.507300,0.497269,0.507300,0.497269,gap,-0.001230
8,346,304,-0.012004,-0.018481,-0.018481,-0.012004,overlap,0.501488,0.498894,0.501488,0.498894,gap,-0.000973
8,347,305,-0.014529,-0.018684,-0.018684,-0.014529,overlap,0.502284,0.499036,0.502284,0.499036,gap,-0.001393
8,348,306,-0.004438,-0.018634,-0.018634,-0.004438,overlap,0.501394,0.499677,0.499677,0.501394,overlap,-0.001123
8,349,307,-0.006017,-0.013823,-0.013823,-0.006017,overlap,0.500351,0.499943,0.500351,0.499943,gap,-0.001315
8,350,308,-0.005229,-0.014517,-0.014517,-0.005229,overlap,0.501592,0.499693,0.501592,0.499693,gap,-0.000698
8,351,309,-0.007093,-0.023883,-0.023883,-0.007093,overlap,0.500603,0.498600,0.498600,0.500603,overlap,-0.001015
8,352,310,-0.007556,-0.021446,-0.021446,-0.007556,overlap,0.500571,0.499311,0.500571,0.499311,gap,-0.000928
8,353,311,-0.005877,-0.029927,-0.029927,-0.005877,overlap,0.501874,0.499851,0.499851,0.501874,overlap,-0.000936
8,354,312,-0.007439,-0.022483,-0.022483,-0.007439,overlap,0.501862,0.500459,0.500459,0.501862,overlap,-0.001198
8,355,313,-0.006390,-0.023989,-0.023989,-0.006390,overlap,0.502451,0.501142,0.502451,0.501142,gap,-0.001205
8,356,314,-0.006546,-0.018867,-0.018867,-0.006546,overlap,0.503626,0.501504,0.503626,0.501504,gap,-0.001017
8,357,315,-0.006965,-0.021407,-0.021407,-0.006965,overlap,0.502691,0.499300,0.502691,0.499300,gap,-0.000966
8,358,316,-0.002724,-0.020289,-0.020289,-0.002724,overlap,0.501090,0.498623,0.498623,0.501090,overlap,-0.000882
8,359,317,-0.007294,-0.019717,-0.019717,-0.007294,overlap,0.502383,0.499546,0.499546,0.502383,overlap,-0.001120
8,360,318,-0.003579,-0.012757,-0.012757,-0.003579,overlap,0.500452,0.498456,0.498456,0.500452,overlap,-0.000839
8,361,319,-0.007474,-0.021452,-0.021452,-0.007474,overlap,0.502620,0.497009,0.502620,0.497009,gap,-0.001139
8,362,320,-0.008299,-0.019191,-0.019191,-0.008299,overlap,0.501048,0.500542,0.500542,0.501048,overlap,-0.001683
8,363,321,-0.003086,-0.021163,-0.021163,-0.003086,overlap,0.500558,0.497346,0.500558,0.497346,gap,-0.000900
8,364,322,-0.006772,-0.020540,-0.020540,-0.006772,overlap,0.502431,0.498436,0.498436,0.502431,overlap,-0.000986
8,365,323,-0.008904,-0.018012,-0.018012,-0.008904,overlap,0.501666,0.498984,0.501666,0.498984,gap,-0.001069
8,366,324,-0.005032,-0.018393,-0.018393,-0.005032,overlap,0.501619,0.499534,0.501619,0.499534,gap,-0.001297
8,367,325,-0.009510,-0.022379,-0.022379,-0.009510,overlap,0.500086,0.500086,0.500086,0.500086,touch,-0.001704
8,368,326,-0.015486,-0.018552,-0.018552,-0.015486,overlap,0.503247,0.492723,0.503247,0.492723,gap,-0.001541
8,369,327,-0.008651,-0.021807,-0.021807,-0.008651,overlap,0.501126,0.499339,0.499339,0.501126,overlap,-0.001468
8,370,328,-0.014645,-0.023041,-0.023041,-0.014645,overlap,0.502074,0.498780,0.498780,0.502074,overlap,-0.001132
8,371,329,-0.010810,-0.022227,-0.022227,-0.010810,overlap,0.502619,0.499671,0.499671,0.502619,overlap,-0.001067
8,372,330,-0.009424,-0.020250,-0.020250,-0.009424,overlap,0.502077,0.498656,0.498656,0.502077,overlap,-0.000890
8,373,331,-0.006698,-0.023787,-0.023787,-0.006698,overlap,0.500519,0.500381,0.500519,0.500381,gap,-0.002542
8,374,332,-0.010320,-0.021738,-0.021738,-0.010320,overlap,0.501991,0.500564,0.500564,0.501991,overlap,-0.001024
8,375,333,-0.006760,-0.019951,-0.019951,-0.006760,overlap,0.501907,0.498730,0.498730,0.501907,overlap,-0.001092
8,376,334,-0.010499,-0.030339,-0.030339,-0.010499,overlap,0.501241,0.499950,0.499950,0.501241,overlap,-0.001149
8,377,335,-0.002523,-0.022613,-0.022613,-0.002523,overlap,0.501896,0.499106,0.499106,0.501896,overlap,-0.001013
8,378,336,-0.004011,-0.021643,-0.021643,-0.004011,overlap,0.502137,0.498727,0.498727,0.502137,overlap,-0.000944
8,379,337,-0.005342,-0.019062,-0.019062,-0.005342,overlap,0.504976,0.499239,0.504976,0.499239,gap,-0.001172
8,380,338,-0.010935,-0.017785,-0.017785,-0.010935,overlap,0.501395,0.499353,0.499353,0.501395,overlap,-0.000940
8,381,339,-0.006244,-0.019943,-0.019943,-0.006244,overlap,0.500019,0.497610,0.497610,0.500019,overlap,-0.001090
8,382,340,-0.005739,-0.024782,-0.024782,-0.005739,overlap,0.500847,0.498792,0.498792,0.500847,overlap,-0.000903
8,383,341,-0.007435,-0.019166,-0.019166,-0.007435,overlap,0.502731,0.501119,0.501119,0.502731,overlap,-0.000873
8,384,342,-0.011858,-0.022587,-0.022587,-0.011858,overlap,0.504113,0.498600,0.504113,0.498600,gap,-0.001193
8,385,343,-0.012115,-0.015486,-0.015486,-0.012115,overlap,0.500448,0.500207,0.500207,0.500448,overlap,-0.001316
8,386,344,-0.008959,-0.027904,-0.027904,-0.008959,overlap,0.501854,0.498278,0.498278,0.501854,overlap,-0.001158
8,387,345,-0.002620,-0.029979,-0.029979,-0.002620,overlap,0.501135,0.498451,0.501135,0.498451,gap,-0.001188
8,388,346,-0.014944,-0.023951,-0.023951,-0.014944,overlap,0.500913,0.499509,0.500913,0.499509,gap,-0.000915
8,389,347,-0.008727,-0.015379,-0.015379,-0.008727,overlap,0.502158,0.501304,0.502158,0.501304,gap,-0.001473
8,390,348,-0.008176,-0.015406,-0.015406,-0.008176,overlap,0.501821,0.500672,0.500672,0.501821,overlap,-0.001590
8,391,349,-0.005834,-0.019454,-0.019454,-0.005834,overlap,0.500393,0.499143,0.500393,0.499143,gap,-0.001279
8,392,350,-0.007027,-0.026202,-0.026202,-0.007027,overlap,0.500044,0.497427,0.500044,0.497427,gap,-0.000919
8,393,351,-0.007642,-0.021313,-0.021313,-0.007642,overlap,0.500580,0.500071,0.500580,0.500071,gap,-0.001492
8,394,352,-0.007126,-0.025612,-0.025612,-0.007126,overlap,0.502264,0.500080,0.500080,0.502264,overlap,-0.001005
8,395,353,-0.018266,-0.019347,-0.019347,-0.018266,overlap,0.500674,0.498816,0.498816,0.500674,overlap,-0.000950
8,396,354,-0.013440,-0.016785,-0.016785,-0.013440,overlap,0.501191,0.500270,0.501191,0.500270,gap,-0.001673
8,397,355,-0.004645,-0.010044,-0.010044,-0.004645,overlap,0.501772,0.494661,0.501772,0.494661,gap,-0.001091
8,398,356,-0.012413,-0.029666,-0.029666,-0.012413,overlap,0.499413,0.499044,0.499044,0.499413,overlap,-0.001618
8,399,357,-0.001496,-0.018506,-0.018506,-0.001496,overlap,0.501473,0.500085,0.501473,0.500085,gap,-0.001393
8,400,358,-0.006591,-0.018293,-0.018293,-0.006591,overlap,0.501006,0.498169,0.498169,0.501006,overlap,-0.001064
8,401,359,-0.014590,-0.020511,-0.020511,-0.014590,overlap,0.499381,0.498117,0.498117,0.499381,overlap,-0.001281
8,402,360,-0.004668,-0.028621,-0.028621,-0.004668,overlap,0.500950,0.499418,0.500950,0.499418,gap,-0.001038
8,403,361,-0.010363,-0.023386,-0.023386,-0.010363,overlap,0.505494,0.496233,0.505494,0.496233,gap,-0.001198
8,404,362,-0.002212,-0.014828,-0.014828,-0.002212,overlap,0.501481,0.498995,0.501481,0.498995,gap,-0.000806
8,405,363,-0.001035,-0.019392,-0.019392,-0.001035,overlap,0.500141,0.499357,0.500141,0.499357,gap,-0.001844
8,406,364,-0.012360,-0.023004,-0.023004,-0.012360,overlap,0.501450,0.498870,0.498870,0.501450,overlap,-0.000988
8,407,365,-0.008948,-0.026880,-0.026880,-0.008948,overlap,0.501971,0.500660,0.501971,0.500660,gap,-0.001034
8,408,366,-0.013570,-0.018040,-0.018040,-0.013570,overlap,0.505911,0.498932,0.505911,0.498932,gap,-0.000985
8,409,367,-0.001858,-0.028551,-0.028551,-0.001858,overlap,0.499353,0.499353,0.499353,0.499353,touch,-0.001421
8,410,368,-0.005171,-0.021893,-0.021893,-0.005171,overlap,0.501435,0.497656,0.497656,0.501435,overlap,-0.000989
8,411,369,-0.005913,-0.018510,-0.018510,-0.005913,overlap,0.503130,0.501118,0.503130,0.501118,gap,-0.000949
8,412,370,-0.006043,-0.018622,-0.018622,-0.006043,overlap,0.502537,0.500835,0.502537,0.500835,gap,-0.000774
8,413,371,-0.008215,-0.030283,-0.030283,-0.008215,overlap,0.502800,0.498018,0.502800,0.498018,gap,-0.001080
8,414,372,-0.001398,-0.020263,-0.020263,-0.001398,overlap,0.501243,0.500553,0.500553,0.501243,overlap,-0.001906
8,415,373,-0.006816,-0.017935,-0.017935,-0.006816,overlap,0.501742,0.499952,0.499952,0.501742,overlap,-0.000926
8,416,374,-0.007335,-0.018251,-0.018251,-0.007335,overlap,0.499826,0.498775,0.498775,0.499826,overlap,-0.001577
8,417,375,-0.007493,-0.026380,-0.026380,-0.007493,overlap,0.501007,0.498508,0.498508,0.501007,overlap,-0.000932
8,418,376,-0.006535,-0.018185,-0.018185,-0.006535,overlap,0.501760,0.499986,0.499986,0.501760,overlap,-0.001072
8,419,377,-0.015477,-0.018717,-0.018717,-0.015477,overlap,0.500505,0.498112,0.498112,0.500505,overlap,-0.001183
8,420,378,-0.020289,-0.022376,-0.020289,-0.022376,gap,0.501222,0.500982,0.500982,0.501222,overlap,-0.001629
8,421,379,-0.004455,-0.027507,-0.027507,-0.004455,overlap,0.504909,0.500827,0.504909,0.500827,gap,-0.000856
8,422,380,-0.008735,-0.020319,-0.020319,-0.008735,overlap,0.502262,0.501468,0.502262,0.501468,gap,-0.001680
8,423,381,-0.007127,-0.021483,-0.021483,-0.007127,overlap,0.502927,0.499724,0.502927,0.499724,gap,-0.000731
8,424,382,-0.008215,-0.018724,-0.018724,-0.008215,overlap,0.501938,0.499572,0.499572,0.501938,overlap,-0.001163
8,425,383,-0.008702,-0.021167,-0.021167,-0.008702,overlap,0.501395,0.499943,0.499943,0.501395,overlap,-0.001628
8,426,384,-0.005703,-0.019352,-0.019352,-0.005703,overlap,0.503216,0.497639,0.503216,0.497639,gap,-0.000872
8,427,385,-0.006670,-0.021560,-0.021560,-0.006670,overlap,0.501682,0.500434,0.501682,0.500434,gap,-0.001079
8,428,386,-0.011095,-0.024503,-0.024503,-0.011095,overlap,0.501234,0.500884,0.500884,0.501234,overlap,-0.001467
8,429,387,-0.012954,-0.019503,-0.019503,-0.012954,overlap,0.501270,0.498789,0.501270,0.498789,gap,-0.000946
8,430,388,-0.014905,-0.018281,-0.018281,-0.014905,overlap,0.501329,0.500746,0.500746,0.501329,overlap,-0.001558
8,431,389,-0.014133,-0.022904,-0.022904,-0.014133,overlap,0.499582,0.498810,0.499582,0.498810,gap,-0.001682
8,432,390,-0.005963,-0.023055,-0.023055,-0.005963,overlap,0.500287,0.499215,0.499215,0.500287,overlap,-0.001404
8,433,391,-0.006107,-0.017590,-0.017590,-0.006107,overlap,0.501552,0.501280,0.501552,0.501280,gap,-0.001669
8,434,392,-0.008327,-0.026365,-0.026365,-0.008327,overlap,0.504417,0.494861,0.504417,0.494861,gap,-0.001080
8,435,393,-0.001528,-0.020419,-0.020419,-0.001528,overlap,0.502920,0.500473,0.500473,0.502920,overlap,-0.001041
8,436,394,-0.003933,-0.018143,-0.018143,-0.003933,overlap,0.503556,0.502090,0.503556,0.502090,gap,-0.000685
8,437,395,-0.008814,-0.019994,-0.019994,-0.008814,overlap,0.499208,0.498426,0.498426,0.499208,overlap,-0.001383
8,438,396,-0.006458,-0.019614,-0.019614,-0.006458,overlap,0.502205,0.498960,0.498960,0.502205,overlap,-0.000935
8,439,397,-0.012255,-0.021834,-0.021834,-0.012255,overlap,0.503400,0.500616,0.500616,0.503400,overlap,-0.001239
8,440,398,-0.005320,-0.016560,-0.016560,-0.005320,overlap,0.500411,0.500027,0.500411,0.500027,gap,-0.002075
8,441,399,-0.001771,-0.018602,-0.018602,-0.001771,overlap,0.501124,0.497510,0.501124,0.497510,gap,-0.000928
