dataset,backbone,episode,baseline,selector,proto_weight,calibration_nll,target_coverage,selector_threshold,false_pick_rate,pick_precision,pick_recall,revisit_burden,coverage,n_samples,n_pick,n_wait,n_revisit,n_false_pick,n_true_pick
strawberry,vitb32,0,ProtoAdapter-hard,none,8.0,0.9962141567070546,1.0,,0.0,1.0,0.7677902621722846,0.2900505902192243,0.7099494097807757,593,216,205,172,0,205
strawberry,vitb32,0,ProtoAdapter-selective,msp,8.0,0.9962141567070546,0.4,0.3945897546631403,0.0,1.0,0.27715355805243447,0.6964586846543002,0.30354131534569984,593,78,102,413,0,74
strawberry,vitb32,0,ProtoAdapter-selective,msp,8.0,0.9962141567070546,0.5,0.3879524469699114,0.0,1.0,0.3595505617977528,0.6408094435075885,0.3591905564924115,593,101,112,380,0,96
strawberry,vitb32,0,ProtoAdapter-selective,msp,8.0,0.9962141567070546,0.6,0.38088337577025366,0.0,1.0,0.449438202247191,0.5750421585160203,0.42495784148397975,593,126,126,341,0,120
strawberry,vitb32,0,ProtoAdapter-selective,msp,8.0,0.9962141567070546,0.7,0.3736915347581168,0.0,1.0,0.5205992509363296,0.4991568296795953,0.5008431703204047,593,148,149,296,0,139
strawberry,vitb32,0,ProtoAdapter-selective,msp,8.0,0.9962141567070546,0.8,0.3654189760104699,0.0,1.0,0.6067415730337079,0.4300168634064081,0.5699831365935919,593,171,167,255,0,162
strawberry,vitb32,0,ProtoAdapter-selective,msp,8.0,0.9962141567070546,0.9,0.3564991191154469,0.0,1.0,0.6928838951310862,0.357504215851602,0.642495784148398,593,194,187,212,0,185
strawberry,vitb32,0,ProtoAdapter-selective,margin,8.0,0.9962141567070546,0.4,0.05920920248998501,0.0,1.0,0.20973782771535582,0.7048903878583473,0.29510961214165266,593,57,118,418,0,56
strawberry,vitb32,0,ProtoAdapter-selective,margin,8.0,0.9962141567070546,0.5,0.05071381494209365,0.0,1.0,0.30711610486891383,0.6357504215851602,0.36424957841483985,593,83,133,377,0,82
strawberry,vitb32,0,ProtoAdapter-selective,margin,8.0,0.9962141567070546,0.6,0.04032897275345915,0.0,1.0,0.38202247191011235,0.5615514333895447,0.4384485666104553,593,103,157,333,0,102
strawberry,vitb32,0,ProtoAdapter-selective,margin,8.0,0.9962141567070546,0.7,0.031012410599918272,0.0,1.0,0.5093632958801498,0.4806070826306914,0.5193929173693086,593,137,171,285,0,136
strawberry,vitb32,0,ProtoAdapter-selective,margin,8.0,0.9962141567070546,0.8,0.021553196727903623,0.0,1.0,0.6142322097378277,0.40809443507588533,0.5919055649241147,593,172,179,242,0,164
strawberry,vitb32,0,ProtoAdapter-selective,margin,8.0,0.9962141567070546,0.9,0.012658902774981107,0.0,1.0,0.6928838951310862,0.35075885328836426,0.6492411467116357,593,194,191,208,0,185
strawberry,vitb32,0,ProtoAdapter-selective,entropy,8.0,0.9962141567070546,0.4,1.085718353165542,0.0,1.0,0.3146067415730337,0.6981450252951096,0.3018549747048904,593,92,87,414,0,84
strawberry,vitb32,0,ProtoAdapter-selective,entropy,8.0,0.9962141567070546,0.5,1.0892841610418773,0.0,1.0,0.3782771535580524,0.6357504215851602,0.36424957841483985,593,110,106,377,0,101
strawberry,vitb32,0,ProtoAdapter-selective,entropy,8.0,0.9962141567070546,0.6,1.0916952987880977,0.0,1.0,0.4419475655430712,0.5733558178752108,0.42664418212478916,593,127,126,340,0,118
strawberry,vitb32,0,ProtoAdapter-selective,entropy,8.0,0.9962141567070546,0.7,1.0936443043848558,0.0,1.0,0.5205992509363296,0.5059021922428331,0.49409780775716694,593,148,145,300,0,139
strawberry,vitb32,0,ProtoAdapter-selective,entropy,8.0,0.9962141567070546,0.8,1.0949361449822534,0.0,1.0,0.599250936329588,0.43844856661045534,0.5615514333895446,593,169,164,260,0,160
strawberry,vitb32,0,ProtoAdapter-selective,entropy,8.0,0.9962141567070546,0.9,1.09656637581248,0.0,1.0,0.6853932584269663,0.3591905564924115,0.6408094435075885,593,192,188,213,0,183
strawberry,vitb32,1,ProtoAdapter-hard,none,8.0,0.9843550299887289,1.0,,0.004098360655737705,0.9959016393442623,0.8539325842696629,0.26475548060708265,0.7352445193929174,593,244,192,157,1,228
strawberry,vitb32,1,ProtoAdapter-selective,msp,8.0,0.9843550299887289,0.4,0.39196932341463186,0.0,1.0,0.34831460674157305,0.6812816188870152,0.3187183811129848,593,94,95,404,0,93
strawberry,vitb32,1,ProtoAdapter-selective,msp,8.0,0.9843550299887289,0.5,0.38626283111549786,0.0,1.0,0.4307116104868914,0.6222596964586846,0.3777403035413154,593,117,107,369,0,115
strawberry,vitb32,1,ProtoAdapter-selective,msp,8.0,0.9843550299887289,0.6,0.38134735596144603,0.0,1.0,0.5243445692883895,0.5497470489038786,0.4502529510961214,593,144,123,326,0,140
strawberry,vitb32,1,ProtoAdapter-selective,msp,8.0,0.9843550299887289,0.7,0.3748390905469726,0.0,1.0,0.602996254681648,0.4924114671163575,0.5075885328836425,593,167,134,292,0,161
strawberry,vitb32,1,ProtoAdapter-selective,msp,8.0,0.9843550299887289,0.8,0.3660435856901704,0.0,1.0,0.6928838951310862,0.41989881956155145,0.5801011804384486,593,192,152,249,0,185
strawberry,vitb32,1,ProtoAdapter-selective,msp,8.0,0.9843550299887289,0.9,0.3548012962895768,0.0,1.0,0.7902621722846442,0.33895446880269814,0.6610455311973018,593,220,172,201,0,211
strawberry,vitb32,1,ProtoAdapter-selective,margin,8.0,0.9843550299887289,0.4,0.06327691488300635,0.0,1.0,0.3295880149812734,0.6829679595278246,0.31703204047217537,593,89,99,405,0,88
strawberry,vitb32,1,ProtoAdapter-selective,margin,8.0,0.9843550299887289,0.5,0.05138754810238416,0.0,1.0,0.4232209737827715,0.6104553119730185,0.3895446880269815,593,114,117,362,0,113
strawberry,vitb32,1,ProtoAdapter-selective,margin,8.0,0.9843550299887289,0.6,0.03977521103526244,0.0,1.0,0.50187265917603,0.5480607082630692,0.4519392917369308,593,136,132,325,0,134
strawberry,vitb32,1,ProtoAdapter-selective,margin,8.0,0.9843550299887289,0.7,0.030868648785871033,0.0,1.0,0.6254681647940075,0.47048903878583476,0.5295109612141653,593,170,144,279,0,167
strawberry,vitb32,1,ProtoAdapter-selective,margin,8.0,0.9843550299887289,0.8,0.019541031859077684,0.0,1.0,0.7116104868913857,0.4148397976391231,0.5851602023608768,593,193,154,246,0,190
strawberry,vitb32,1,ProtoAdapter-selective,margin,8.0,0.9843550299887289,0.9,0.009850676945261205,0.0045045045045045045,0.9954954954954955,0.797752808988764,0.342327150084317,0.657672849915683,593,222,168,203,1,213
strawberry,vitb32,1,ProtoAdapter-selective,entropy,8.0,0.9843550299887289,0.4,1.0872653335304343,0.0,1.0,0.37453183520599254,0.6964586846543002,0.30354131534569984,593,106,74,413,0,100
strawberry,vitb32,1,ProtoAdapter-selective,entropy,8.0,0.9843550299887289,0.5,1.0895863658547569,0.0,1.0,0.40823970037453183,0.642495784148398,0.35750421585160197,593,115,97,381,0,109
strawberry,vitb32,1,ProtoAdapter-selective,entropy,8.0,0.9843550299887289,0.6,1.0913713206035016,0.0,1.0,0.4868913857677903,0.5649241146711635,0.43507588532883645,593,136,122,335,0,130
strawberry,vitb32,1,ProtoAdapter-selective,entropy,8.0,0.9843550299887289,0.7,1.0926607871008072,0.0,1.0,0.5805243445692884,0.4856661045531197,0.5143338954468804,593,162,143,288,0,155
strawberry,vitb32,1,ProtoAdapter-selective,entropy,8.0,0.9843550299887289,0.8,1.0946110766218875,0.0,1.0,0.6816479400749064,0.40978077571669475,0.5902192242833053,593,191,159,243,0,182
strawberry,vitb32,1,ProtoAdapter-selective,entropy,8.0,0.9843550299887289,0.9,1.0969649309613152,0.0,1.0,0.7940074906367042,0.33389544688026984,0.6661045531197302,593,223,172,198,0,212
strawberry,vitb32,2,ProtoAdapter-hard,none,8.0,1.0230289474462204,1.0,,0.0,1.0,0.49812734082397003,0.3760539629005059,0.623946037099494,593,154,216,223,0,133
strawberry,vitb32,2,ProtoAdapter-selective,msp,8.0,1.0230289474462204,0.4,0.39390134864773796,0.0,1.0,0.2397003745318352,0.6998313659359191,0.3001686340640809,593,73,105,415,0,64
strawberry,vitb32,2,ProtoAdapter-selective,msp,8.0,1.0230289474462204,0.5,0.3890829725287599,0.0,1.0,0.2846441947565543,0.6408094435075885,0.3591905564924115,593,85,128,380,0,76
strawberry,vitb32,2,ProtoAdapter-selective,msp,8.0,1.0230289474462204,0.6,0.38039711931812575,0.0,1.0,0.33707865168539325,0.5902192242833052,0.4097807757166948,593,100,143,350,0,90
strawberry,vitb32,2,ProtoAdapter-selective,msp,8.0,1.0230289474462204,0.7,0.3735994702354433,0.0,1.0,0.3782771535580524,0.5227655986509275,0.47723440134907247,593,113,170,310,0,101
strawberry,vitb32,2,ProtoAdapter-selective,msp,8.0,1.0230289474462204,0.8,0.36600012075869964,0.0,1.0,0.41198501872659177,0.47048903878583476,0.5295109612141653,593,124,190,279,0,110
strawberry,vitb32,2,ProtoAdapter-selective,msp,8.0,1.0230289474462204,0.9,0.35596522707984457,0.0,1.0,0.45692883895131087,0.42158516020236086,0.5784148397976392,593,140,203,250,0,122
strawberry,vitb32,2,ProtoAdapter-selective,margin,8.0,1.0230289474462204,0.4,0.052515411202358975,0.0,1.0,0.2958801498127341,0.7284991568296796,0.2715008431703204,593,89,72,432,0,79
strawberry,vitb32,2,ProtoAdapter-selective,margin,8.0,1.0230289474462204,0.5,0.044928716893106346,0.0,1.0,0.3333333333333333,0.6694772344013491,0.3305227655986509,593,99,97,397,0,89
strawberry,vitb32,2,ProtoAdapter-selective,margin,8.0,1.0230289474462204,0.6,0.03579534956300717,0.0,1.0,0.3895131086142322,0.6138279932546374,0.38617200674536256,593,117,112,364,0,104
strawberry,vitb32,2,ProtoAdapter-selective,margin,8.0,1.0230289474462204,0.7,0.026555952211720968,0.0,1.0,0.4344569288389513,0.5379426644182125,0.4620573355817875,593,129,145,319,0,116
strawberry,vitb32,2,ProtoAdapter-selective,margin,8.0,1.0230289474462204,0.8,0.01976895476654489,0.0,1.0,0.4606741573033708,0.4772344013490725,0.5227655986509274,593,139,171,283,0,123
strawberry,vitb32,2,ProtoAdapter-selective,margin,8.0,1.0230289474462204,0.9,0.0093638209278335,0.0,1.0,0.4794007490636704,0.42495784148397975,0.5750421585160203,593,146,195,252,0,128
strawberry,vitb32,2,ProtoAdapter-selective,entropy,8.0,1.0230289474462204,0.4,1.084947937676302,0.0,1.0,0.18726591760299627,0.6964586846543002,0.30354131534569984,593,54,126,413,0,50
strawberry,vitb32,2,ProtoAdapter-selective,entropy,8.0,1.0230289474462204,0.5,1.0879457855036467,0.0,1.0,0.25842696629213485,0.6290050590219224,0.3709949409780776,593,77,143,373,0,69
strawberry,vitb32,2,ProtoAdapter-selective,entropy,8.0,1.0230289474462204,0.6,1.091256724374613,0.0,1.0,0.3146067415730337,0.5733558178752108,0.42664418212478916,593,93,160,340,0,84
strawberry,vitb32,2,ProtoAdapter-selective,entropy,8.0,1.0230289474462204,0.7,1.0933213760469447,0.0,1.0,0.37453183520599254,0.5160202360876898,0.48397976391231023,593,112,175,306,0,100
strawberry,vitb32,2,ProtoAdapter-selective,entropy,8.0,1.0230289474462204,0.8,1.094858314860188,0.0,1.0,0.41198501872659177,0.47048903878583476,0.5295109612141653,593,128,186,279,0,110
strawberry,vitb32,2,ProtoAdapter-selective,entropy,8.0,1.0230289474462204,0.9,1.0967434330462615,0.0,1.0,0.45692883895131087,0.4300168634064081,0.5699831365935919,593,140,198,255,0,122
strawberry,vitb32,3,ProtoAdapter-hard,none,8.0,0.9993314785482598,1.0,,0.004464285714285714,0.9955357142857143,0.7640449438202247,0.3220910623946037,0.6779089376053963,593,224,178,191,1,204
strawberry,vitb32,3,ProtoAdapter-selective,msp,8.0,0.9993314785482598,0.4,0.38493513440923616,0.0,1.0,0.31086142322097376,0.7048903878583473,0.29510961214165266,593,83,92,418,0,83
strawberry,vitb32,3,ProtoAdapter-selective,msp,8.0,0.9993314785482598,0.5,0.38000312549903703,0.0,1.0,0.3970037453183521,0.6408094435075885,0.3591905564924115,593,106,107,380,0,106
strawberry,vitb32,3,ProtoAdapter-selective,msp,8.0,0.9993314785482598,0.6,0.37598286964595584,0.0,1.0,0.49812734082397003,0.5699831365935919,0.4300168634064081,593,135,120,338,0,133
strawberry,vitb32,3,ProtoAdapter-selective,msp,8.0,0.9993314785482598,0.7,0.3698669894601007,0.0,1.0,0.5730337078651685,0.5177065767284992,0.4822934232715008,593,155,131,307,0,153
strawberry,vitb32,3,ProtoAdapter-selective,msp,8.0,0.9993314785482598,0.8,0.3650763673281718,0.0,1.0,0.6441947565543071,0.4620573355817875,0.5379426644182125,593,176,143,274,0,172
strawberry,vitb32,3,ProtoAdapter-selective,msp,8.0,0.9993314785482598,0.9,0.35863018565044175,0.0,1.0,0.7228464419475655,0.3912310286677909,0.6087689713322091,593,201,160,232,0,193
strawberry,vitb32,3,ProtoAdapter-selective,margin,8.0,0.9993314785482598,0.4,0.05711503258513284,0.0,1.0,0.31086142322097376,0.6947723440134908,0.30522765598650925,593,83,98,412,0,83
strawberry,vitb32,3,ProtoAdapter-selective,margin,8.0,0.9993314785482598,0.5,0.04617666895987643,0.0,1.0,0.40074906367041196,0.6239460370994941,0.37605396290050586,593,108,115,370,0,107
strawberry,vitb32,3,ProtoAdapter-selective,margin,8.0,0.9993314785482598,0.6,0.03533216445635762,0.0,1.0,0.48314606741573035,0.554806070826307,0.44519392917369305,593,133,131,329,0,129
strawberry,vitb32,3,ProtoAdapter-selective,margin,8.0,0.9993314785482598,0.7,0.026515559223454332,0.0,1.0,0.5842696629213483,0.4924114671163575,0.5075885328836425,593,162,139,292,0,156
strawberry,vitb32,3,ProtoAdapter-selective,margin,8.0,0.9993314785482598,0.8,0.018594309384484697,0.0,1.0,0.6479400749063671,0.43676222596964587,0.5632377740303541,593,182,152,259,0,173
strawberry,vitb32,3,ProtoAdapter-selective,margin,8.0,0.9993314785482598,0.9,0.008240676761278098,0.0,1.0,0.7078651685393258,0.3794266441821248,0.6205733558178752,593,202,166,225,0,189
strawberry,vitb32,3,ProtoAdapter-selective,entropy,8.0,0.9993314785482598,0.4,1.090085398831853,0.0,1.0,0.31835205992509363,0.7352445193929174,0.26475548060708265,593,86,71,436,0,85
strawberry,vitb32,3,ProtoAdapter-selective,entropy,8.0,0.9993314785482598,0.5,1.0914461307709518,0.0,1.0,0.4044943820224719,0.6677908937605397,0.3322091062394603,593,109,88,396,0,108
strawberry,vitb32,3,ProtoAdapter-selective,entropy,8.0,0.9993314785482598,0.6,1.092332071825888,0.0,1.0,0.4794007490636704,0.5986509274873525,0.4013490725126475,593,129,109,355,0,128
strawberry,vitb32,3,ProtoAdapter-selective,entropy,8.0,0.9993314785482598,0.7,1.0936501377844647,0.0,1.0,0.5580524344569289,0.5295109612141653,0.4704890387858347,593,152,127,314,0,149
strawberry,vitb32,3,ProtoAdapter-selective,entropy,8.0,0.9993314785482598,0.8,1.0950577998241007,0.0,1.0,0.6292134831460674,0.463743676222597,0.536256323777403,593,173,145,275,0,168
strawberry,vitb32,3,ProtoAdapter-selective,entropy,8.0,0.9993314785482598,0.9,1.0962903315582413,0.0,1.0,0.704119850187266,0.3912310286677909,0.6087689713322091,593,199,162,232,0,188
strawberry,vitb32,4,ProtoAdapter-hard,none,8.0,0.9685785595403756,1.0,,0.0,1.0,0.6928838951310862,0.3136593591905565,0.6863406408094435,593,192,215,186,0,185
strawberry,vitb32,4,ProtoAdapter-selective,msp,8.0,0.9685785595403756,0.4,0.4035935421121345,0.0,1.0,0.2209737827715356,0.715008431703204,0.28499156829679595,593,59,110,424,0,59
strawberry,vitb32,4,ProtoAdapter-selective,msp,8.0,0.9685785595403756,0.5,0.3968989902276571,0.0,1.0,0.299625468164794,0.6509274873524452,0.3490725126475548,593,80,127,386,0,80
strawberry,vitb32,4,ProtoAdapter-selective,msp,8.0,0.9685785595403756,0.6,0.3921345850010358,0.0,1.0,0.3970037453183521,0.5885328836424958,0.4114671163575042,593,106,138,349,0,106
strawberry,vitb32,4,ProtoAdapter-selective,msp,8.0,0.9685785595403756,0.7,0.3848388660951188,0.0,1.0,0.49063670411985016,0.5227655986509275,0.47723440134907247,593,131,152,310,0,131
strawberry,vitb32,4,ProtoAdapter-selective,msp,8.0,0.9685785595403756,0.8,0.37597184234756165,0.0,1.0,0.599250936329588,0.44013490725126475,0.5598650927487352,593,162,170,261,0,160
strawberry,vitb32,4,ProtoAdapter-selective,msp,8.0,0.9685785595403756,0.9,0.36792741869461,0.0,1.0,0.6591760299625468,0.3760539629005059,0.623946037099494,593,178,192,223,0,176
strawberry,vitb32,4,ProtoAdapter-selective,margin,8.0,0.9685785595403756,0.4,0.07543228581157158,0.0,1.0,0.24719101123595505,0.6829679595278246,0.31703204047217537,593,66,122,405,0,66
strawberry,vitb32,4,ProtoAdapter-selective,margin,8.0,0.9685785595403756,0.5,0.06387038449634258,0.0,1.0,0.3333333333333333,0.6172006745362564,0.3827993254637436,593,89,138,366,0,89
strawberry,vitb32,4,ProtoAdapter-selective,margin,8.0,0.9685785595403756,0.6,0.054654657400564244,0.0,1.0,0.4044943820224719,0.5615514333895447,0.4384485666104553,593,108,152,333,0,108
strawberry,vitb32,4,ProtoAdapter-selective,margin,8.0,0.9685785595403756,0.7,0.03965175103205998,0.0,1.0,0.4868913857677903,0.4924114671163575,0.5075885328836425,593,130,171,292,0,130
strawberry,vitb32,4,ProtoAdapter-selective,margin,8.0,0.9685785595403756,0.8,0.024195747946702317,0.0,1.0,0.5655430711610487,0.4350758853288364,0.5649241146711637,593,154,181,258,0,151
strawberry,vitb32,4,ProtoAdapter-selective,margin,8.0,0.9685785595403756,0.9,0.011668230464250362,0.0,1.0,0.6367041198501873,0.37099494097807756,0.6290050590219225,593,175,198,220,0,170
strawberry,vitb32,4,ProtoAdapter-selective,entropy,8.0,0.9685785595403756,0.4,1.0822376656232169,0.0,1.0,0.23220973782771537,0.7386172006745363,0.2613827993254637,593,62,93,438,0,62
strawberry,vitb32,4,ProtoAdapter-selective,entropy,8.0,0.9685785595403756,0.5,1.084736588166922,0.0,1.0,0.32209737827715357,0.6728499156829679,0.3271500843170321,593,87,107,399,0,86
strawberry,vitb32,4,ProtoAdapter-selective,entropy,8.0,0.9685785595403756,0.6,1.0872030294086639,0.0,1.0,0.40823970037453183,0.6003372681281619,0.3996627318718381,593,111,126,356,0,109
strawberry,vitb32,4,ProtoAdapter-selective,entropy,8.0,0.9685785595403756,0.7,1.089372863486129,0.0,1.0,0.49812734082397003,0.5295109612141653,0.4704890387858347,593,135,144,314,0,133
strawberry,vitb32,4,ProtoAdapter-selective,entropy,8.0,0.9685785595403756,0.8,1.0920164980344236,0.0,1.0,0.5767790262172284,0.4468802698145025,0.5531197301854975,593,157,171,265,0,154
strawberry,vitb32,4,ProtoAdapter-selective,entropy,8.0,0.9685785595403756,0.9,1.094479347050175,0.0,1.0,0.6591760299625468,0.37436762225969644,0.6256323777403036,593,179,192,222,0,176
strawberry,vitb32,5,ProtoAdapter-hard,none,8.0,0.9729831791251766,1.0,,0.004464285714285714,0.9955357142857143,0.7677902621722846,0.2630691399662732,0.7369308600337268,593,224,213,156,1,205
strawberry,vitb32,5,ProtoAdapter-selective,msp,8.0,0.9729831791251766,0.4,0.4019396178145439,0.0,1.0,0.2883895131086142,0.7015177065767285,0.2984822934232715,593,79,98,416,0,77
strawberry,vitb32,5,ProtoAdapter-selective,msp,8.0,0.9729831791251766,0.5,0.39442835008416055,0.0,1.0,0.3970037453183521,0.627318718381113,0.37268128161888703,593,108,113,372,0,106
strawberry,vitb32,5,ProtoAdapter-selective,msp,8.0,0.9729831791251766,0.6,0.38816863874188207,0.0,1.0,0.5280898876404494,0.5531197301854974,0.4468802698145026,593,143,122,328,0,141
strawberry,vitb32,5,ProtoAdapter-selective,msp,8.0,0.9729831791251766,0.7,0.38165011592987796,0.0,1.0,0.6179775280898876,0.4688026981450253,0.5311973018549747,593,170,145,278,0,165
strawberry,vitb32,5,ProtoAdapter-selective,msp,8.0,0.9729831791251766,0.8,0.37483684095660647,0.0,1.0,0.700374531835206,0.3946037099494098,0.6053962900505903,593,194,165,234,0,187
strawberry,vitb32,5,ProtoAdapter-selective,msp,8.0,0.9729831791251766,0.9,0.3652967474379891,0.0,1.0,0.7490636704119851,0.3305227655986509,0.6694772344013491,593,213,184,196,0,200
strawberry,vitb32,5,ProtoAdapter-selective,margin,8.0,0.9729831791251766,0.4,0.07632332341597375,0.0,1.0,0.33707865168539325,0.6745362563237775,0.32546374367622255,593,92,101,400,0,90
strawberry,vitb32,5,ProtoAdapter-selective,margin,8.0,0.9729831791251766,0.5,0.063076072692276,0.0,1.0,0.3970037453183521,0.6155143338954469,0.38448566610455315,593,110,118,365,0,106
strawberry,vitb32,5,ProtoAdapter-selective,margin,8.0,0.9729831791251766,0.6,0.049856946128637,0.0,1.0,0.49063670411985016,0.5362563237774031,0.46374367622259693,593,136,139,318,0,131
strawberry,vitb32,5,ProtoAdapter-selective,margin,8.0,0.9729831791251766,0.7,0.0372909601438971,0.0,1.0,0.5543071161048689,0.47386172006745364,0.5261382799325464,593,154,158,281,0,148
strawberry,vitb32,5,ProtoAdapter-selective,margin,8.0,0.9729831791251766,0.8,0.028189767508153663,0.0,1.0,0.6741573033707865,0.3979763912310287,0.6020236087689713,593,186,171,236,0,180
strawberry,vitb32,5,ProtoAdapter-selective,margin,8.0,0.9729831791251766,0.9,0.012670936582382497,0.0,1.0,0.7153558052434457,0.327150084317032,0.6728499156829679,593,202,197,194,0,191
strawberry,vitb32,5,ProtoAdapter-selective,entropy,8.0,0.9729831791251766,0.4,1.0830431561000236,0.0,1.0,0.29213483146067415,0.7116357504215851,0.2883642495784149,593,79,92,422,0,78
strawberry,vitb32,5,ProtoAdapter-selective,entropy,8.0,0.9729831791251766,0.5,1.0856490224615296,0.0,1.0,0.40823970037453183,0.6256323777403036,0.37436762225969644,593,112,110,371,0,109
strawberry,vitb32,5,ProtoAdapter-selective,entropy,8.0,0.9729831791251766,0.6,1.0880893941232785,0.0,1.0,0.5056179775280899,0.5564924114671164,0.44350758853288363,593,141,122,330,0,135
strawberry,vitb32,5,ProtoAdapter-selective,entropy,8.0,0.9729831791251766,0.7,1.0907876895491908,0.0,1.0,0.6104868913857678,0.47554806070826305,0.524451939291737,593,169,142,282,0,163
strawberry,vitb32,5,ProtoAdapter-selective,entropy,8.0,0.9729831791251766,0.8,1.0924891892731337,0.0,1.0,0.6928838951310862,0.40809443507588533,0.5919055649241147,593,194,157,242,0,185
strawberry,vitb32,5,ProtoAdapter-selective,entropy,8.0,0.9729831791251766,0.9,1.0951119163866163,0.0,1.0,0.7453183520599251,0.3372681281618887,0.6627318718381112,593,213,180,200,0,199
strawberry,vitb32,6,ProtoAdapter-hard,none,8.0,0.9966908822707139,1.0,,0.0,1.0,0.9063670411985019,0.23777403035413153,0.7622259696458684,593,270,182,141,0,242
strawberry,vitb32,6,ProtoAdapter-selective,msp,8.0,0.9966908822707139,0.4,0.38412623367811544,0.0,1.0,0.45692883895131087,0.6593591905564924,0.3406408094435076,593,123,79,391,0,122
strawberry,vitb32,6,ProtoAdapter-selective,msp,8.0,0.9966908822707139,0.5,0.3783975698961609,0.0,1.0,0.5692883895131086,0.5716694772344013,0.4283305227655987,593,153,101,339,0,152
strawberry,vitb32,6,ProtoAdapter-selective,msp,8.0,0.9966908822707139,0.6,0.3740145895150356,0.0,1.0,0.6779026217228464,0.4924114671163575,0.5075885328836425,593,183,118,292,0,181
strawberry,vitb32,6,ProtoAdapter-selective,msp,8.0,0.9966908822707139,0.7,0.3682616902932308,0.0,1.0,0.7752808988764045,0.4131534569983137,0.5868465430016863,593,220,128,245,0,207
strawberry,vitb32,6,ProtoAdapter-selective,msp,8.0,0.9966908822707139,0.8,0.3626380118987059,0.0,1.0,0.8239700374531835,0.3473861720067454,0.6526138279932546,593,235,152,206,0,220
strawberry,vitb32,6,ProtoAdapter-selective,msp,8.0,0.9966908822707139,0.9,0.3559921678771665,0.0,1.0,0.8838951310861424,0.2917369308600337,0.7082630691399663,593,255,165,173,0,236
strawberry,vitb32,6,ProtoAdapter-selective,margin,8.0,0.9966908822707139,0.4,0.05857381958424707,0.0,1.0,0.43820224719101125,0.6492411467116358,0.3507588532883642,593,118,90,385,0,117
strawberry,vitb32,6,ProtoAdapter-selective,margin,8.0,0.9966908822707139,0.5,0.04800366969764086,0.0,1.0,0.5543071161048689,0.5716694772344013,0.4283305227655987,593,149,105,339,0,148
strawberry,vitb32,6,ProtoAdapter-selective,margin,8.0,0.9966908822707139,0.6,0.038858527113910524,0.0,1.0,0.6704119850187266,0.4806070826306914,0.5193929173693086,593,180,128,285,0,179
strawberry,vitb32,6,ProtoAdapter-selective,margin,8.0,0.9966908822707139,0.7,0.030430161704565195,0.0,1.0,0.7565543071161048,0.40640809443507586,0.5935919055649241,593,210,142,241,0,202
strawberry,vitb32,6,ProtoAdapter-selective,margin,8.0,0.9966908822707139,0.8,0.019914358588692338,0.0,1.0,0.8352059925093633,0.3372681281618887,0.6627318718381112,593,239,154,200,0,223
strawberry,vitb32,6,ProtoAdapter-selective,margin,8.0,0.9966908822707139,0.9,0.010048100098317414,0.0,1.0,0.8764044943820225,0.28836424957841483,0.7116357504215851,593,257,165,171,0,234
strawberry,vitb32,6,ProtoAdapter-selective,entropy,8.0,0.9966908822707139,0.4,1.0908227962427732,0.0,1.0,0.44569288389513106,0.6762225969645869,0.32377740303541314,593,124,68,401,0,119
strawberry,vitb32,6,ProtoAdapter-selective,entropy,8.0,0.9966908822707139,0.5,1.0920385604888558,0.0,1.0,0.550561797752809,0.5919055649241147,0.4080944350758853,593,154,88,351,0,147
strawberry,vitb32,6,ProtoAdapter-selective,entropy,8.0,0.9966908822707139,0.6,1.093261548570466,0.0,1.0,0.6292134831460674,0.5109612141652614,0.4890387858347386,593,178,112,303,0,168
strawberry,vitb32,6,ProtoAdapter-selective,entropy,8.0,0.9966908822707139,0.7,1.0944027683023414,0.0,1.0,0.7490636704119851,0.42833052276559863,0.5716694772344013,593,214,125,254,0,200
strawberry,vitb32,6,ProtoAdapter-selective,entropy,8.0,0.9966908822707139,0.8,1.0955883221341454,0.0,1.0,0.8164794007490637,0.3625632377740304,0.6374367622259696,593,233,145,215,0,218
strawberry,vitb32,6,ProtoAdapter-selective,entropy,8.0,0.9966908822707139,0.9,1.0968927846010406,0.0,1.0,0.8764044943820225,0.2984822934232715,0.7015177065767285,593,253,163,177,0,234
strawberry,vitb32,7,ProtoAdapter-hard,none,8.0,0.9884572225690171,1.0,,0.0043859649122807015,0.9956140350877193,0.7902621722846442,0.24957841483979765,0.7504215851602023,593,228,217,148,1,211
strawberry,vitb32,7,ProtoAdapter-selective,msp,8.0,0.9884572225690171,0.4,0.38485992701565813,0.0,1.0,0.35580524344569286,0.6475548060708263,0.35244519392917373,593,96,113,384,0,95
strawberry,vitb32,7,ProtoAdapter-selective,msp,8.0,0.9884572225690171,0.5,0.3780753861552917,0.0,1.0,0.4307116104868914,0.5851602023608768,0.41483979763912315,593,116,130,347,0,115
strawberry,vitb32,7,ProtoAdapter-selective,msp,8.0,0.9884572225690171,0.6,0.3730351131964335,0.0,1.0,0.5168539325842697,0.5025295109612141,0.4974704890387859,593,140,155,298,0,138
strawberry,vitb32,7,ProtoAdapter-selective,msp,8.0,0.9884572225690171,0.7,0.3690722632240116,0.0,1.0,0.599250936329588,0.4350758853288364,0.5649241146711637,593,165,170,258,0,160
strawberry,vitb32,7,ProtoAdapter-selective,msp,8.0,0.9884572225690171,0.8,0.3638863753248851,0.0,1.0,0.6704119850187266,0.3676222596964587,0.6323777403035413,593,186,189,218,0,179
strawberry,vitb32,7,ProtoAdapter-selective,msp,8.0,0.9884572225690171,0.9,0.3557215342105154,0.0,1.0,0.7490636704119851,0.30185497470489037,0.6981450252951096,593,211,203,179,0,200
strawberry,vitb32,7,ProtoAdapter-selective,margin,8.0,0.9884572225690171,0.4,0.0511331953352564,0.0,1.0,0.3408239700374532,0.6357504215851602,0.36424957841483985,593,91,125,377,0,91
strawberry,vitb32,7,ProtoAdapter-selective,margin,8.0,0.9884572225690171,0.5,0.04367255671054887,0.0,1.0,0.4157303370786517,0.5632377740303541,0.43676222596964587,593,115,144,334,0,111
strawberry,vitb32,7,ProtoAdapter-selective,margin,8.0,0.9884572225690171,0.6,0.03584325366178759,0.0,1.0,0.5318352059925093,0.47892074198988194,0.521079258010118,593,148,161,284,0,142
strawberry,vitb32,7,ProtoAdapter-selective,margin,8.0,0.9884572225690171,0.7,0.026819348668016496,0.0,1.0,0.6254681647940075,0.41652613827993257,0.5834738617200674,593,175,171,247,0,167
strawberry,vitb32,7,ProtoAdapter-selective,margin,8.0,0.9884572225690171,0.8,0.016929387125205198,0.0,1.0,0.6704119850187266,0.3591905564924115,0.6408094435075885,593,187,193,213,0,179
strawberry,vitb32,7,ProtoAdapter-selective,margin,8.0,0.9884572225690171,0.9,0.006307378645521666,0.0,1.0,0.7303370786516854,0.30522765598650925,0.6947723440134908,593,206,206,181,0,195
strawberry,vitb32,7,ProtoAdapter-selective,entropy,8.0,0.9884572225690171,0.4,1.0897859712576645,0.0,1.0,0.2958801498127341,0.6913996627318718,0.3086003372681282,593,81,102,410,0,79
strawberry,vitb32,7,ProtoAdapter-selective,entropy,8.0,0.9884572225690171,0.5,1.0907773817891875,0.0,1.0,0.41198501872659177,0.6087689713322091,0.3912310286677909,593,112,120,361,0,110
strawberry,vitb32,7,ProtoAdapter-selective,entropy,8.0,0.9884572225690171,0.6,1.09254179790488,0.0,1.0,0.4943820224719101,0.5311973018549747,0.4688026981450253,593,134,144,315,0,132
strawberry,vitb32,7,ProtoAdapter-selective,entropy,8.0,0.9884572225690171,0.7,1.094317719645958,0.0,1.0,0.5805243445692884,0.45699831365935917,0.5430016863406408,593,158,164,271,0,155
strawberry,vitb32,7,ProtoAdapter-selective,entropy,8.0,0.9884572225690171,0.8,1.0952195246387348,0.0,1.0,0.6741573033707865,0.3827993254637437,0.6172006745362564,593,184,182,227,0,180
strawberry,vitb32,7,ProtoAdapter-selective,entropy,8.0,0.9884572225690171,0.9,1.0970544090437095,0.004739336492890996,0.995260663507109,0.7453183520599251,0.30522765598650925,0.6947723440134908,593,211,201,181,1,199
strawberry,vitb32,8,ProtoAdapter-hard,none,8.0,0.990623779833966,1.0,,0.036,0.964,0.8127340823970037,0.23102866779089376,0.7689713322091063,593,250,206,137,9,217
strawberry,vitb32,8,ProtoAdapter-selective,msp,8.0,0.990623779833966,0.4,0.3804372591534528,0.0,1.0,0.48314606741573035,0.642495784148398,0.35750421585160197,593,130,82,381,0,129
strawberry,vitb32,8,ProtoAdapter-selective,msp,8.0,0.990623779833966,0.5,0.3744936089633455,0.0,1.0,0.5580524344569289,0.5666104553119731,0.43338954468802693,593,151,106,336,0,149
strawberry,vitb32,8,ProtoAdapter-selective,msp,8.0,0.990623779833966,0.6,0.36969253437444416,0.0,1.0,0.6329588014981273,0.5059021922428331,0.49409780775716694,593,174,119,300,0,169
strawberry,vitb32,8,ProtoAdapter-selective,msp,8.0,0.990623779833966,0.7,0.36436241582029294,0.0,1.0,0.7153558052434457,0.44013490725126475,0.5598650927487352,593,199,133,261,0,191
strawberry,vitb32,8,ProtoAdapter-selective,msp,8.0,0.990623779833966,0.8,0.3565723820382778,0.0,1.0,0.7677902621722846,0.3794266441821248,0.6205733558178752,593,214,154,225,0,205
strawberry,vitb32,8,ProtoAdapter-selective,msp,8.0,0.990623779833966,0.9,0.34974179597883126,0.004366812227074236,0.9956331877729258,0.7902621722846442,0.32040472175379425,0.6795952782462058,593,229,174,190,1,211
strawberry,vitb32,8,ProtoAdapter-selective,margin,8.0,0.990623779833966,0.4,0.04982639289743229,0.0,1.0,0.4756554307116105,0.642495784148398,0.35750421585160197,593,129,83,381,0,127
strawberry,vitb32,8,ProtoAdapter-selective,margin,8.0,0.990623779833966,0.5,0.038609300582178874,0.0,1.0,0.5580524344569289,0.5598650927487352,0.4401349072512648,593,155,106,332,0,149
strawberry,vitb32,8,ProtoAdapter-selective,margin,8.0,0.990623779833966,0.6,0.03102259502345045,0.005376344086021506,0.9946236559139785,0.6591760299625468,0.4822934232715008,0.5177065767284992,593,186,121,286,1,176
strawberry,vitb32,8,ProtoAdapter-selective,margin,8.0,0.990623779833966,0.7,0.02311528310592964,0.0049504950495049506,0.995049504950495,0.7153558052434457,0.42327150084317033,0.5767284991568297,593,202,140,251,1,191
strawberry,vitb32,8,ProtoAdapter-selective,margin,8.0,0.990623779833966,0.8,0.015739230682343675,0.0045662100456621,0.995433789954338,0.7677902621722846,0.3608768971332209,0.6391231028667791,593,219,160,214,1,205
strawberry,vitb32,8,ProtoAdapter-selective,margin,8.0,0.990623779833966,0.9,0.008596340178246342,0.025210084033613446,0.9747899159663865,0.7790262172284644,0.2917369308600337,0.7082630691399663,593,238,182,173,6,208
strawberry,vitb32,8,ProtoAdapter-selective,entropy,8.0,0.990623779833966,0.4,1.0910988772023251,0.0,1.0,0.42696629213483145,0.6677908937605397,0.3322091062394603,593,115,82,396,0,114
strawberry,vitb32,8,ProtoAdapter-selective,entropy,8.0,0.990623779833966,0.5,1.0925126375011214,0.0,1.0,0.5168539325842697,0.6020236087689713,0.3979763912310287,593,139,97,357,0,138
strawberry,vitb32,8,ProtoAdapter-selective,entropy,8.0,0.990623779833966,0.6,1.0938564742198218,0.0,1.0,0.6217228464419475,0.521079258010118,0.478920741989882,593,170,114,309,0,166
strawberry,vitb32,8,ProtoAdapter-selective,entropy,8.0,0.990623779833966,0.7,1.095466042474889,0.0,1.0,0.6853932584269663,0.4502529510961214,0.5497470489038786,593,190,136,267,0,183
strawberry,vitb32,8,ProtoAdapter-selective,entropy,8.0,0.990623779833966,0.8,1.0965330783720406,0.0,1.0,0.7677902621722846,0.38785834738617203,0.6121416526138279,593,216,147,230,0,205
strawberry,vitb32,8,ProtoAdapter-selective,entropy,8.0,0.990623779833966,0.9,1.0976977042433327,0.004329004329004329,0.9956709956709957,0.797752808988764,0.3136593591905565,0.6863406408094435,593,231,176,186,1,213
strawberry,vitb32,9,ProtoAdapter-hard,none,8.0,0.9860678049721527,1.0,,0.0365296803652968,0.9634703196347032,0.7078651685393258,0.3254637436762226,0.6745362563237773,593,219,181,193,8,189
strawberry,vitb32,9,ProtoAdapter-selective,msp,8.0,0.9860678049721527,0.4,0.3872352153678169,0.0,1.0,0.40823970037453183,0.7082630691399663,0.2917369308600337,593,115,58,420,0,109
strawberry,vitb32,9,ProtoAdapter-selective,msp,8.0,0.9860678049721527,0.5,0.3813423403001162,0.0,1.0,0.4868913857677903,0.6323777403035413,0.3676222596964587,593,139,79,375,0,130
strawberry,vitb32,9,ProtoAdapter-selective,msp,8.0,0.9860678049721527,0.6,0.37574992764980825,0.0189873417721519,0.9810126582278481,0.5280898876404494,0.5632377740303541,0.43676222596964587,593,158,101,334,3,141
strawberry,vitb32,9,ProtoAdapter-selective,msp,8.0,0.9860678049721527,0.7,0.3701411007227163,0.01764705882352941,0.9823529411764705,0.5692883895131086,0.49409780775716694,0.5059021922428331,593,170,130,293,3,152
strawberry,vitb32,9,ProtoAdapter-selective,msp,8.0,0.9860678049721527,0.8,0.3640159958421886,0.026595744680851064,0.973404255319149,0.6217228464419475,0.433389544688027,0.5666104553119731,593,188,148,257,5,166
strawberry,vitb32,9,ProtoAdapter-selective,msp,8.0,0.9860678049721527,0.9,0.3584097316244931,0.029850746268656716,0.9701492537313433,0.651685393258427,0.3827993254637437,0.6172006745362564,593,201,165,227,6,174
strawberry,vitb32,9,ProtoAdapter-selective,margin,8.0,0.9860678049721527,0.4,0.05566259184269057,0.0,1.0,0.4419475655430712,0.6913996627318718,0.3086003372681282,593,125,58,410,0,118
strawberry,vitb32,9,ProtoAdapter-selective,margin,8.0,0.9860678049721527,0.5,0.04533904167522157,0.0,1.0,0.49812734082397003,0.627318718381113,0.37268128161888703,593,143,78,372,0,133
strawberry,vitb32,9,ProtoAdapter-selective,margin,8.0,0.9860678049721527,0.6,0.0366657461610721,0.0,1.0,0.5617977528089888,0.5564924114671164,0.44350758853288363,593,165,98,330,0,150
strawberry,vitb32,9,ProtoAdapter-selective,margin,8.0,0.9860678049721527,0.7,0.025738717655785448,0.005555555555555556,0.9944444444444445,0.599250936329588,0.4957841483979764,0.5042158516020236,593,180,119,294,1,160
strawberry,vitb32,9,ProtoAdapter-selective,margin,8.0,0.9860678049721527,0.8,0.018916609742137047,0.015463917525773196,0.9845360824742269,0.6367041198501873,0.4350758853288364,0.5649241146711637,593,194,141,258,3,170
strawberry,vitb32,9,ProtoAdapter-selective,margin,8.0,0.9860678049721527,0.9,0.008048165601659885,0.023809523809523808,0.9761904761904762,0.6891385767790262,0.3760539629005059,0.623946037099494,593,210,160,223,5,184
strawberry,vitb32,9,ProtoAdapter-selective,entropy,8.0,0.9860678049721527,0.4,1.0892628241934668,0.02727272727272727,0.9727272727272728,0.39325842696629215,0.7065767284991569,0.29342327150084313,593,110,64,419,3,105
strawberry,vitb32,9,ProtoAdapter-selective,entropy,8.0,0.9860678049721527,0.5,1.090648880513585,0.03125,0.96875,0.4344569288389513,0.6391231028667791,0.3608768971332209,593,128,86,379,4,116
strawberry,vitb32,9,ProtoAdapter-selective,entropy,8.0,0.9860678049721527,0.6,1.0920440040649355,0.026845637583892617,0.9731543624161074,0.49063670411985016,0.5767284991568297,0.42327150084317033,593,149,102,342,4,131
strawberry,vitb32,9,ProtoAdapter-selective,entropy,8.0,0.9860678049721527,0.7,1.0936459929743825,0.028901734104046242,0.9710982658959537,0.5692883895131086,0.5042158516020236,0.49578414839797635,593,173,121,299,5,152
strawberry,vitb32,9,ProtoAdapter-selective,entropy,8.0,0.9860678049721527,0.8,1.095085093956403,0.0273224043715847,0.9726775956284153,0.602996254681648,0.4418212478920742,0.5581787521079258,593,183,148,262,5,161
strawberry,vitb32,9,ProtoAdapter-selective,entropy,8.0,0.9860678049721527,0.9,1.0963770732941387,0.030612244897959183,0.9693877551020408,0.6441947565543071,0.38617200674536256,0.6138279932546374,593,196,168,229,6,172
strawberry,vitb32,10,ProtoAdapter-hard,none,8.0,1.00503299550651,1.0,,0.01485148514851485,0.9851485148514851,0.6891385767790262,0.27318718381112983,0.7268128161888702,593,202,229,162,3,184
strawberry,vitb32,10,ProtoAdapter-selective,msp,8.0,1.00503299550651,0.4,0.3757182871544537,0.0,1.0,0.299625468164794,0.6728499156829679,0.3271500843170321,593,85,109,399,0,80
strawberry,vitb32,10,ProtoAdapter-selective,msp,8.0,1.00503299550651,0.5,0.3713399687603188,0.0,1.0,0.37453183520599254,0.6003372681281619,0.3996627318718381,593,107,130,356,0,100
strawberry,vitb32,10,ProtoAdapter-selective,msp,8.0,1.00503299550651,0.6,0.3675541878208583,0.0,1.0,0.45318352059925093,0.5278246205733558,0.4721753794266442,593,128,152,313,0,121
strawberry,vitb32,10,ProtoAdapter-selective,msp,8.0,1.00503299550651,0.7,0.36237668784706994,0.006578947368421052,0.993421052631579,0.5393258426966292,0.45868465430016864,0.5413153456998314,593,152,169,272,1,144
strawberry,vitb32,10,ProtoAdapter-selective,msp,8.0,1.00503299550651,0.8,0.3555663013460333,0.006060606060606061,0.9939393939393939,0.5880149812734082,0.3962900505902192,0.6037099494097808,593,165,193,235,1,157
strawberry,vitb32,10,ProtoAdapter-selective,msp,8.0,1.00503299550651,0.9,0.34925057121376457,0.0055248618784530384,0.994475138121547,0.6367041198501873,0.327150084317032,0.6728499156829679,593,181,218,194,1,170
strawberry,vitb32,10,ProtoAdapter-selective,margin,8.0,1.00503299550651,0.4,0.04144393430574911,0.014492753623188406,0.9855072463768116,0.24719101123595505,0.6661045531197302,0.33389544688026984,593,69,129,395,1,66
strawberry,vitb32,10,ProtoAdapter-selective,margin,8.0,1.00503299550651,0.5,0.03580967027627352,0.01098901098901099,0.989010989010989,0.3295880149812734,0.5902192242833052,0.4097807757166948,593,91,152,350,1,88
strawberry,vitb32,10,ProtoAdapter-selective,margin,8.0,1.00503299550651,0.6,0.025826201824904804,0.009009009009009009,0.990990990990991,0.4044943820224719,0.5177065767284992,0.4822934232715008,593,111,175,307,1,108
strawberry,vitb32,10,ProtoAdapter-selective,margin,8.0,1.00503299550651,0.7,0.020500250950203858,0.0072992700729927005,0.9927007299270073,0.49063670411985016,0.45193929173693087,0.5480607082630691,593,137,188,268,1,131
strawberry,vitb32,10,ProtoAdapter-selective,margin,8.0,1.00503299550651,0.8,0.013473241158100502,0.00625,0.99375,0.5617977528089888,0.38617200674536256,0.6138279932546374,593,160,204,229,1,150
strawberry,vitb32,10,ProtoAdapter-selective,margin,8.0,1.00503299550651,0.9,0.00810295427902652,0.011235955056179775,0.9887640449438202,0.6254681647940075,0.3305227655986509,0.6694772344013491,593,178,219,196,2,167
strawberry,vitb32,10,ProtoAdapter-selective,entropy,8.0,1.00503299550651,0.4,1.0924811565389063,0.0,1.0,0.35580524344569286,0.684654300168634,0.31534569983136596,593,102,85,406,0,95
strawberry,vitb32,10,ProtoAdapter-selective,entropy,8.0,1.00503299550651,0.5,1.0937230614965487,0.0,1.0,0.40823970037453183,0.6172006745362564,0.3827993254637436,593,116,111,366,0,109
strawberry,vitb32,10,ProtoAdapter-selective,entropy,8.0,1.00503299550651,0.6,1.0947906682499875,0.0,1.0,0.4943820224719101,0.5362563237774031,0.46374367622259693,593,139,136,318,0,132
strawberry,vitb32,10,ProtoAdapter-selective,entropy,8.0,1.00503299550651,0.7,1.0956597179615692,0.0,1.0,0.5280898876404494,0.4772344013490725,0.5227655986509274,593,148,162,283,0,141
strawberry,vitb32,10,ProtoAdapter-selective,entropy,8.0,1.00503299550651,0.8,1.0969348389995555,0.006097560975609756,0.9939024390243902,0.5767790262172284,0.3962900505902192,0.6037099494097808,593,164,194,235,1,154
strawberry,vitb32,10,ProtoAdapter-selective,entropy,8.0,1.00503299550651,0.9,1.0976406944670876,0.0055248618784530384,0.994475138121547,0.6367041198501873,0.33558178752107926,0.6644182124789207,593,181,213,199,1,170
strawberry,vitb32,11,ProtoAdapter-hard,none,8.0,0.9854377095929264,1.0,,0.0273972602739726,0.9726027397260274,0.7528089887640449,0.25463743676222594,0.7453625632377741,593,219,223,151,6,201
strawberry,vitb32,11,ProtoAdapter-selective,msp,8.0,0.9854377095929264,0.4,0.3897803920338424,0.0,1.0,0.3258426966292135,0.6661045531197302,0.33389544688026984,593,88,110,395,0,87
strawberry,vitb32,11,ProtoAdapter-selective,msp,8.0,0.9854377095929264,0.5,0.383785946349869,0.0,1.0,0.3970037453183521,0.596964586846543,0.40303541315345703,593,112,127,354,0,106
strawberry,vitb32,11,ProtoAdapter-selective,msp,8.0,0.9854377095929264,0.6,0.3779752733687249,0.0,1.0,0.4681647940074906,0.5278246205733558,0.4721753794266442,593,131,149,313,0,125
strawberry,vitb32,11,ProtoAdapter-selective,msp,8.0,0.9854377095929264,0.7,0.37222334156199366,0.0,1.0,0.5393258426966292,0.47217537942664417,0.5278246205733559,593,152,161,280,0,144
strawberry,vitb32,11,ProtoAdapter-selective,msp,8.0,0.9854377095929264,0.8,0.36485725299255267,0.0,1.0,0.5917602996254682,0.41989881956155145,0.5801011804384486,593,166,178,249,0,158
strawberry,vitb32,11,ProtoAdapter-selective,msp,8.0,0.9854377095929264,0.9,0.3567828870751128,0.005154639175257732,0.9948453608247423,0.6891385767790262,0.33220910623946037,0.6677908937605397,593,194,202,197,1,184
strawberry,vitb32,11,ProtoAdapter-selective,margin,8.0,0.9854377095929264,0.4,0.05721755032918335,0.0,1.0,0.30337078651685395,0.6610455311973018,0.3389544688026982,593,81,120,392,0,81
strawberry,vitb32,11,ProtoAdapter-selective,margin,8.0,0.9854377095929264,0.5,0.04560768466026244,0.0,1.0,0.4157303370786517,0.5851602023608768,0.41483979763912315,593,114,132,347,0,111
strawberry,vitb32,11,ProtoAdapter-selective,margin,8.0,0.9854377095929264,0.6,0.03721531530245281,0.007633587786259542,0.9923664122137404,0.4681647940074906,0.5109612141652614,0.4890387858347386,593,131,159,303,1,125
strawberry,vitb32,11,ProtoAdapter-selective,margin,8.0,0.9854377095929264,0.7,0.027398548498520692,0.006666666666666667,0.9933333333333333,0.5393258426966292,0.448566610455312,0.551433389544688,593,150,177,266,1,144
strawberry,vitb32,11,ProtoAdapter-selective,margin,8.0,0.9854377095929264,0.8,0.021994607879166572,0.00558659217877095,0.994413407821229,0.6254681647940075,0.37268128161888703,0.627318718381113,593,179,193,221,1,167
strawberry,vitb32,11,ProtoAdapter-selective,margin,8.0,0.9854377095929264,0.9,0.010186772457239923,0.010101010101010102,0.98989898989899,0.6928838951310862,0.3136593591905565,0.6863406408094435,593,198,209,186,2,185
strawberry,vitb32,11,ProtoAdapter-selective,entropy,8.0,0.9854377095929264,0.4,1.087248073048165,0.0,1.0,0.31835205992509363,0.688026981450253,0.311973018549747,593,89,96,408,0,85
strawberry,vitb32,11,ProtoAdapter-selective,entropy,8.0,0.9854377095929264,0.5,1.0898113844268396,0.0,1.0,0.3782771535580524,0.6256323777403036,0.37436762225969644,593,105,117,371,0,101
strawberry,vitb32,11,ProtoAdapter-selective,entropy,8.0,0.9854377095929264,0.6,1.091684348484038,0.0,1.0,0.44569288389513106,0.5480607082630692,0.4519392917369308,593,125,143,325,0,119
strawberry,vitb32,11,ProtoAdapter-selective,entropy,8.0,0.9854377095929264,0.7,1.0935318052450962,0.0,1.0,0.5131086142322098,0.4839797639123103,0.5160202360876898,593,145,161,287,0,137
strawberry,vitb32,11,ProtoAdapter-selective,entropy,8.0,0.9854377095929264,0.8,1.095165879522974,0.0,1.0,0.5842696629213483,0.42158516020236086,0.5784148397976392,593,164,179,250,0,156
strawberry,vitb32,11,ProtoAdapter-selective,entropy,8.0,0.9854377095929264,0.9,1.0968091593943279,0.0,1.0,0.6816479400749064,0.33895446880269814,0.6610455311973018,593,191,201,201,0,182
strawberry,vitb32,12,ProtoAdapter-hard,none,8.0,1.0056191099254108,1.0,,0.0040650406504065045,0.9959349593495935,0.8314606741573034,0.2630691399662732,0.7369308600337268,593,246,191,156,1,222
strawberry,vitb32,12,ProtoAdapter-selective,msp,8.0,1.0056191099254108,0.4,0.38290214408638445,0.0,1.0,0.35580524344569286,0.6509274873524452,0.3490725126475548,593,102,105,386,0,95
strawberry,vitb32,12,ProtoAdapter-selective,msp,8.0,1.0056191099254108,0.5,0.37581036568778214,0.0,1.0,0.42696629213483145,0.5885328836424958,0.4114671163575042,593,124,120,349,0,114
strawberry,vitb32,12,ProtoAdapter-selective,msp,8.0,1.0056191099254108,0.6,0.3704039501802615,0.0,1.0,0.5093632958801498,0.5193929173693086,0.4806070826306914,593,151,134,308,0,136
strawberry,vitb32,12,ProtoAdapter-selective,msp,8.0,1.0056191099254108,0.7,0.36452367584937334,0.0,1.0,0.5805243445692884,0.4536256323777403,0.5463743676222597,593,173,151,269,0,155
strawberry,vitb32,12,ProtoAdapter-selective,msp,8.0,1.0056191099254108,0.8,0.35792206314632513,0.0,1.0,0.6704119850187266,0.39291736930860033,0.6070826306913997,593,197,163,233,0,179
strawberry,vitb32,12,ProtoAdapter-selective,msp,8.0,1.0056191099254108,0.9,0.3503327125456458,0.004545454545454545,0.9954545454545455,0.7490636704119851,0.33558178752107926,0.6644182124789207,593,220,174,199,1,200
strawberry,vitb32,12,ProtoAdapter-selective,margin,8.0,1.0056191099254108,0.4,0.04355408152947726,0.0,1.0,0.2958801498127341,0.6762225969645869,0.32377740303541314,593,82,110,401,0,79
strawberry,vitb32,12,ProtoAdapter-selective,margin,8.0,1.0056191099254108,0.5,0.03558943450661012,0.0,1.0,0.3782771535580524,0.6104553119730185,0.3895446880269815,593,108,123,362,0,101
strawberry,vitb32,12,ProtoAdapter-selective,margin,8.0,1.0056191099254108,0.6,0.02757309164732913,0.0,1.0,0.49812734082397003,0.5278246205733558,0.4721753794266442,593,140,140,313,0,133
strawberry,vitb32,12,ProtoAdapter-selective,margin,8.0,1.0056191099254108,0.7,0.019497097202007874,0.0,1.0,0.599250936329588,0.45699831365935917,0.5430016863406408,593,170,152,271,0,160
strawberry,vitb32,12,ProtoAdapter-selective,margin,8.0,1.0056191099254108,0.8,0.012706923513232826,0.0,1.0,0.6891385767790262,0.38617200674536256,0.6138279932546374,593,197,167,229,0,184
strawberry,vitb32,12,ProtoAdapter-selective,margin,8.0,1.0056191099254108,0.9,0.006289249213662362,0.0,1.0,0.7715355805243446,0.32040472175379425,0.6795952782462058,593,223,180,190,0,206
strawberry,vitb32,12,ProtoAdapter-selective,entropy,8.0,1.0056191099254108,0.4,1.0894084133119453,0.0,1.0,0.4044943820224719,0.6661045531197302,0.33389544688026984,593,122,76,395,0,108
strawberry,vitb32,12,ProtoAdapter-selective,entropy,8.0,1.0056191099254108,0.5,1.091182184265648,0.0,1.0,0.45318352059925093,0.5868465430016864,0.41315345699831363,593,137,108,348,0,121
strawberry,vitb32,12,ProtoAdapter-selective,entropy,8.0,1.0056191099254108,0.6,1.0932527947084476,0.0,1.0,0.5093632958801498,0.5143338954468802,0.48566610455311976,593,154,134,305,0,136
strawberry,vitb32,12,ProtoAdapter-selective,entropy,8.0,1.0056191099254108,0.7,1.0948882823725774,0.00558659217877095,0.994413407821229,0.599250936329588,0.448566610455312,0.551433389544688,593,179,148,266,1,160
strawberry,vitb32,12,ProtoAdapter-selective,entropy,8.0,1.0056191099254108,0.8,1.0960920609896878,0.00510204081632653,0.9948979591836735,0.6629213483146067,0.3946037099494098,0.6053962900505903,593,196,163,234,1,177
strawberry,vitb32,12,ProtoAdapter-selective,entropy,8.0,1.0056191099254108,0.9,1.0976186786396174,0.004545454545454545,0.9954545454545455,0.7490636704119851,0.33558178752107926,0.6644182124789207,593,220,174,199,1,200
strawberry,vitb32,13,ProtoAdapter-hard,none,8.0,0.99318608973455,1.0,,0.0,1.0,0.7827715355805244,0.2175379426644182,0.7824620573355818,593,223,241,129,0,209
strawberry,vitb32,13,ProtoAdapter-selective,msp,8.0,0.99318608973455,0.4,0.38455935136404673,0.0,1.0,0.3258426966292135,0.6020236087689713,0.3979763912310287,593,90,146,357,0,87
strawberry,vitb32,13,ProtoAdapter-selective,msp,8.0,0.99318608973455,0.5,0.37558573355954084,0.0,1.0,0.4232209737827715,0.5160202360876898,0.48397976391231023,593,117,170,306,0,113
strawberry,vitb32,13,ProtoAdapter-selective,msp,8.0,0.99318608973455,0.6,0.3693202502768112,0.0,1.0,0.5093632958801498,0.45531197301854975,0.5446880269814502,593,142,181,270,0,136
strawberry,vitb32,13,ProtoAdapter-selective,msp,8.0,0.99318608973455,0.7,0.36500481887453734,0.0,1.0,0.550561797752809,0.4131534569983137,0.5868465430016863,593,157,191,245,0,147
strawberry,vitb32,13,ProtoAdapter-selective,msp,8.0,0.99318608973455,0.8,0.3595895007970315,0.0,1.0,0.6292134831460674,0.3608768971332209,0.6391231028667791,593,178,201,214,0,168
strawberry,vitb32,13,ProtoAdapter-selective,msp,8.0,0.99318608973455,0.9,0.34802964848706874,0.0,1.0,0.7191011235955056,0.2934232715008432,0.7065767284991569,593,206,213,174,0,192
strawberry,vitb32,13,ProtoAdapter-selective,margin,8.0,0.99318608973455,0.4,0.05010436315278022,0.0,1.0,0.352059925093633,0.612141652613828,0.387858347386172,593,95,135,363,0,94
strawberry,vitb32,13,ProtoAdapter-selective,margin,8.0,0.99318608973455,0.5,0.040052022553636324,0.0,1.0,0.45692883895131087,0.5345699831365935,0.46543001686340646,593,124,152,317,0,122
strawberry,vitb32,13,ProtoAdapter-selective,margin,8.0,0.99318608973455,0.6,0.03200294994029984,0.0,1.0,0.5655430711610487,0.46037099494097805,0.539629005059022,593,157,163,273,0,151
strawberry,vitb32,13,ProtoAdapter-selective,margin,8.0,0.99318608973455,0.7,0.020647370165557233,0.0,1.0,0.6367041198501873,0.3962900505902192,0.6037099494097808,593,178,180,235,0,170
strawberry,vitb32,13,ProtoAdapter-selective,margin,8.0,0.99318608973455,0.8,0.01198494813015355,0.0,1.0,0.6928838951310862,0.31871838111298484,0.6812816188870152,593,199,205,189,0,185
strawberry,vitb32,13,ProtoAdapter-selective,margin,8.0,0.99318608973455,0.9,0.007351460568420232,0.0,1.0,0.7415730337078652,0.26981450252951095,0.7301854974704891,593,212,221,160,0,198
strawberry,vitb32,13,ProtoAdapter-selective,entropy,8.0,0.99318608973455,0.4,1.0892327613822625,0.0,1.0,0.2883895131086142,0.6104553119730185,0.3895446880269815,593,80,151,362,0,77
strawberry,vitb32,13,ProtoAdapter-selective,entropy,8.0,0.99318608973455,0.5,1.0918644203488996,0.0,1.0,0.36704119850187267,0.5413153456998314,0.4586846543001686,593,102,170,321,0,98
strawberry,vitb32,13,ProtoAdapter-selective,entropy,8.0,0.99318608973455,0.6,1.0935373679700082,0.0,1.0,0.42696629213483145,0.4772344013490725,0.5227655986509274,593,122,188,283,0,114
strawberry,vitb32,13,ProtoAdapter-selective,entropy,8.0,0.99318608973455,0.7,1.0947785762765243,0.0,1.0,0.5131086142322098,0.42495784148397975,0.5750421585160203,593,147,194,252,0,137
strawberry,vitb32,13,ProtoAdapter-selective,entropy,8.0,0.99318608973455,0.8,1.0960158245636058,0.0,1.0,0.602996254681648,0.37268128161888703,0.627318718381113,593,171,201,221,0,161
strawberry,vitb32,13,ProtoAdapter-selective,entropy,8.0,0.99318608973455,0.9,1.097893153307532,0.0,1.0,0.704119850187266,0.29679595278246207,0.7032040472175379,593,202,215,176,0,188
strawberry,vitb32,14,ProtoAdapter-hard,none,8.0,0.9956559512292937,1.0,,0.050505050505050504,0.9494949494949495,0.6104868913857678,0.36930860033726814,0.6306913996627319,593,198,176,219,10,163
strawberry,vitb32,14,ProtoAdapter-selective,msp,8.0,0.9956559512292937,0.4,0.3927243608825955,0.0,1.0,0.3295880149812734,0.7925801011804384,0.20741989881956158,593,89,34,470,0,88
strawberry,vitb32,14,ProtoAdapter-selective,msp,8.0,0.9956559512292937,0.5,0.3872865096697604,0.0,1.0,0.36704119850187267,0.7284991568296796,0.2715008431703204,593,101,60,432,0,98
strawberry,vitb32,14,ProtoAdapter-selective,msp,8.0,0.9956559512292937,0.6,0.3817034031186011,0.017241379310344827,0.9827586206896551,0.40823970037453183,0.6661045531197302,0.33389544688026984,593,116,82,395,2,109
strawberry,vitb32,14,ProtoAdapter-selective,msp,8.0,0.9956559512292937,0.7,0.3746089566145559,0.06338028169014084,0.9366197183098591,0.45692883895131087,0.5784148397976391,0.4215851602023609,593,142,108,343,9,122
strawberry,vitb32,14,ProtoAdapter-selective,msp,8.0,0.9956559512292937,0.8,0.36742070725772374,0.06369426751592357,0.9363057324840764,0.49812734082397003,0.5092748735244519,0.4907251264755481,593,157,134,302,10,133
strawberry,vitb32,14,ProtoAdapter-selective,msp,8.0,0.9956559512292937,0.9,0.3596437749094953,0.055865921787709494,0.9441340782122905,0.5730337078651685,0.43676222596964587,0.5632377740303541,593,179,155,259,10,153
strawberry,vitb32,14,ProtoAdapter-selective,margin,8.0,0.9956559512292937,0.4,0.0654726462668207,0.0,1.0,0.35580524344569286,0.7841483979763912,0.21585160202360876,593,96,32,465,0,95
strawberry,vitb32,14,ProtoAdapter-selective,margin,8.0,0.9956559512292937,0.5,0.054408181447706705,0.0,1.0,0.40823970037453183,0.7116357504215851,0.2883642495784149,593,112,59,422,0,109
strawberry,vitb32,14,ProtoAdapter-selective,margin,8.0,0.9956559512292937,0.6,0.04584217509339006,0.0,1.0,0.46441947565543074,0.6441821247892074,0.35581787521079256,593,132,79,382,0,124
strawberry,vitb32,14,ProtoAdapter-selective,margin,8.0,0.9956559512292937,0.7,0.03509891946917143,0.0,1.0,0.5168539325842697,0.5801011804384486,0.4198988195615514,593,150,99,344,0,138
strawberry,vitb32,14,ProtoAdapter-selective,margin,8.0,0.9956559512292937,0.8,0.02268133350940227,0.012269938650306749,0.9877300613496932,0.5318352059925093,0.5025295109612141,0.4974704890387859,593,163,132,298,2,142
strawberry,vitb32,14,ProtoAdapter-selective,margin,8.0,0.9956559512292937,0.9,0.012143868857787232,0.016574585635359115,0.9834254143646409,0.5880149812734082,0.433389544688027,0.5666104553119731,593,181,155,257,3,157
strawberry,vitb32,14,ProtoAdapter-selective,entropy,8.0,0.9956559512292937,0.4,1.0879808341314794,0.1232876712328767,0.8767123287671232,0.23220973782771537,0.7959527824620574,0.20404721753794264,593,73,48,472,9,62
strawberry,vitb32,14,ProtoAdapter-selective,entropy,8.0,0.9956559512292937,0.5,1.0896022004512047,0.09278350515463918,0.9072164948453608,0.31835205992509363,0.7200674536256324,0.2799325463743676,593,97,69,427,9,85
strawberry,vitb32,14,ProtoAdapter-selective,entropy,8.0,0.9956559512292937,0.6,1.09110716675264,0.08547008547008547,0.9145299145299145,0.3782771535580524,0.6475548060708263,0.35244519392917373,593,117,92,384,10,101
strawberry,vitb32,14,ProtoAdapter-selective,entropy,8.0,0.9956559512292937,0.7,1.0928434173468378,0.07633587786259542,0.9236641221374046,0.4307116104868914,0.5868465430016864,0.41315345699831363,593,131,114,348,10,115
strawberry,vitb32,14,ProtoAdapter-selective,entropy,8.0,0.9956559512292937,0.8,1.094014945852469,0.06711409395973154,0.9328859060402684,0.4756554307116105,0.5295109612141653,0.4704890387858347,593,149,130,314,10,127
strawberry,vitb32,14,ProtoAdapter-selective,entropy,8.0,0.9956559512292937,0.9,1.0960232346082206,0.05714285714285714,0.9428571428571428,0.5655430711610487,0.4468802698145025,0.5531197301854975,593,175,153,265,10,151
strawberry,vitb32,15,ProtoAdapter-hard,none,8.0,0.9981215121998214,1.0,,0.0,1.0,0.8876404494382022,0.23440134907251264,0.7655986509274874,593,254,200,139,0,237
strawberry,vitb32,15,ProtoAdapter-selective,msp,8.0,0.9981215121998214,0.4,0.3762144594371521,0.0,1.0,0.50187265917603,0.6323777403035413,0.3676222596964587,593,137,81,375,0,134
strawberry,vitb32,15,ProtoAdapter-selective,msp,8.0,0.9981215121998214,0.5,0.3714210275266667,0.0,1.0,0.5955056179775281,0.5430016863406408,0.45699831365935917,593,162,109,322,0,159
strawberry,vitb32,15,ProtoAdapter-selective,msp,8.0,0.9981215121998214,0.6,0.3673580593925105,0.0,1.0,0.6479400749063671,0.47217537942664417,0.5278246205733559,593,177,136,280,0,173
strawberry,vitb32,15,ProtoAdapter-selective,msp,8.0,0.9981215121998214,0.7,0.36380089327458814,0.0,1.0,0.6891385767790262,0.4131534569983137,0.5868465430016863,593,189,159,245,0,184
strawberry,vitb32,15,ProtoAdapter-selective,msp,8.0,0.9981215121998214,0.8,0.3583865312740722,0.0,1.0,0.7565543071161048,0.357504215851602,0.642495784148398,593,209,172,212,0,202
strawberry,vitb32,15,ProtoAdapter-selective,msp,8.0,0.9981215121998214,0.9,0.35166796711730514,0.0,1.0,0.8352059925093633,0.2866779089376054,0.7133220910623945,593,237,186,170,0,223
strawberry,vitb32,15,ProtoAdapter-selective,margin,8.0,0.9981215121998214,0.4,0.04546572122649856,0.0,1.0,0.5056179775280899,0.6374367622259697,0.3625632377740303,593,138,77,378,0,135
strawberry,vitb32,15,ProtoAdapter-selective,margin,8.0,0.9981215121998214,0.5,0.03934456180586743,0.0,1.0,0.599250936329588,0.551433389544688,0.448566610455312,593,163,103,327,0,160
strawberry,vitb32,15,ProtoAdapter-selective,margin,8.0,0.9981215121998214,0.6,0.029753234511301352,0.0,1.0,0.6741573033707865,0.47892074198988194,0.521079258010118,593,184,125,284,0,180
strawberry,vitb32,15,ProtoAdapter-selective,margin,8.0,0.9981215121998214,0.7,0.02162758664549652,0.0,1.0,0.7565543071161048,0.4148397976391231,0.5851602023608768,593,208,139,246,0,202
strawberry,vitb32,15,ProtoAdapter-selective,margin,8.0,0.9981215121998214,0.8,0.014583391705765947,0.0,1.0,0.8052434456928839,0.33895446880269814,0.6610455311973018,593,226,166,201,0,215
strawberry,vitb32,15,ProtoAdapter-selective,margin,8.0,0.9981215121998214,0.9,0.007483557379580008,0.0,1.0,0.8389513108614233,0.28330522765598654,0.7166947723440135,593,236,189,168,0,224
strawberry,vitb32,15,ProtoAdapter-selective,entropy,8.0,0.9981215121998214,0.4,1.0926533043580395,0.0,1.0,0.449438202247191,0.6408094435075885,0.3591905564924115,593,123,90,380,0,120
strawberry,vitb32,15,ProtoAdapter-selective,entropy,8.0,0.9981215121998214,0.5,1.0936704991600266,0.0,1.0,0.5243445692883895,0.5598650927487352,0.4401349072512648,593,145,116,332,0,140
strawberry,vitb32,15,ProtoAdapter-selective,entropy,8.0,0.9981215121998214,0.6,1.0945198798426619,0.0,1.0,0.6179775280898876,0.5025295109612141,0.4974704890387859,593,170,125,298,0,165
strawberry,vitb32,15,ProtoAdapter-selective,entropy,8.0,0.9981215121998214,0.7,1.0952923136292823,0.0,1.0,0.6891385767790262,0.42833052276559863,0.5716694772344013,593,189,150,254,0,184
strawberry,vitb32,15,ProtoAdapter-selective,entropy,8.0,0.9981215121998214,0.8,1.096197648591347,0.0,1.0,0.7415730337078652,0.35581787521079256,0.6441821247892074,593,209,173,211,0,198
strawberry,vitb32,15,ProtoAdapter-selective,entropy,8.0,0.9981215121998214,0.9,1.0970250421737302,0.0,1.0,0.8164794007490637,0.28330522765598654,0.7166947723440135,593,235,190,168,0,218
strawberry,vitb32,16,ProtoAdapter-hard,none,8.0,0.98345042976673,1.0,,0.0,1.0,0.8651685393258427,0.18718381112984822,0.8128161888701517,593,248,234,111,0,231
strawberry,vitb32,16,ProtoAdapter-selective,msp,8.0,0.98345042976673,0.4,0.38811061587822604,0.0,1.0,0.3258426966292135,0.6239460370994941,0.37605396290050586,593,91,132,370,0,87
strawberry,vitb32,16,ProtoAdapter-selective,msp,8.0,0.98345042976673,0.5,0.37962841466162955,0.0,1.0,0.4157303370786517,0.5497470489038786,0.4502529510961214,593,115,152,326,0,111
strawberry,vitb32,16,ProtoAdapter-selective,msp,8.0,0.98345042976673,0.6,0.3739884011462214,0.0,1.0,0.5168539325842697,0.4806070826306914,0.5193929173693086,593,143,165,285,0,138
strawberry,vitb32,16,ProtoAdapter-selective,msp,8.0,0.98345042976673,0.7,0.3686118740439317,0.0,1.0,0.602996254681648,0.40978077571669475,0.5902192242833053,593,171,179,243,0,161
strawberry,vitb32,16,ProtoAdapter-selective,msp,8.0,0.98345042976673,0.8,0.3609639143515657,0.0,1.0,0.6853932584269663,0.35075885328836426,0.6492411467116357,593,195,190,208,0,183
strawberry,vitb32,16,ProtoAdapter-selective,msp,8.0,0.98345042976673,0.9,0.3513291618011502,0.0,1.0,0.7790262172284644,0.26644182124789206,0.7335581787521079,593,222,213,158,0,208
strawberry,vitb32,16,ProtoAdapter-selective,margin,8.0,0.98345042976673,0.4,0.05898169783484147,0.0,1.0,0.3408239700374532,0.6290050590219224,0.3709949409780776,593,92,128,373,0,91
strawberry,vitb32,16,ProtoAdapter-selective,margin,8.0,0.98345042976673,0.5,0.04964020183997131,0.0,1.0,0.45318352059925093,0.5480607082630692,0.4519392917369308,593,124,144,325,0,121
strawberry,vitb32,16,ProtoAdapter-selective,margin,8.0,0.98345042976673,0.6,0.03610323107258506,0.0,1.0,0.5617977528089888,0.47554806070826305,0.524451939291737,593,154,157,282,0,150
strawberry,vitb32,16,ProtoAdapter-selective,margin,8.0,0.98345042976673,0.7,0.025770833723724407,0.0,1.0,0.6666666666666666,0.3962900505902192,0.6037099494097808,593,183,175,235,0,178
strawberry,vitb32,16,ProtoAdapter-selective,margin,8.0,0.98345042976673,0.8,0.015892269810516002,0.0,1.0,0.7453183520599251,0.3254637436762226,0.6745362563237773,593,205,195,193,0,199
strawberry,vitb32,16,ProtoAdapter-selective,margin,8.0,0.98345042976673,0.9,0.009561430432974749,0.0,1.0,0.8164794007490637,0.2563237774030354,0.7436762225969646,593,231,210,152,0,218
strawberry,vitb32,16,ProtoAdapter-selective,entropy,8.0,0.98345042976673,0.4,1.0885704133370615,0.0,1.0,0.33707865168539325,0.627318718381113,0.37268128161888703,593,96,125,372,0,90
strawberry,vitb32,16,ProtoAdapter-selective,entropy,8.0,0.98345042976673,0.5,1.0908803004697503,0.0,1.0,0.3782771535580524,0.5581787521079258,0.4418212478920742,593,109,153,331,0,101
strawberry,vitb32,16,ProtoAdapter-selective,entropy,8.0,0.98345042976673,0.6,1.0927826448925357,0.0,1.0,0.46441947565543074,0.4924114671163575,0.5075885328836425,593,136,165,292,0,124
strawberry,vitb32,16,ProtoAdapter-selective,entropy,8.0,0.98345042976673,0.7,1.0941653115555758,0.0,1.0,0.5580524344569289,0.42833052276559863,0.5716694772344013,593,161,178,254,0,149
strawberry,vitb32,16,ProtoAdapter-selective,entropy,8.0,0.98345042976673,0.8,1.0956985329325957,0.0,1.0,0.651685393258427,0.3591905564924115,0.6408094435075885,593,186,194,213,0,174
strawberry,vitb32,16,ProtoAdapter-selective,entropy,8.0,0.98345042976673,0.9,1.097371230336618,0.0,1.0,0.7453183520599251,0.2748735244519393,0.7251264755480606,593,213,217,163,0,199
strawberry,vitb32,17,ProtoAdapter-hard,none,8.0,1.0045246737097298,1.0,,0.02830188679245283,0.9716981132075472,0.6891385767790262,0.2866779089376054,0.7133220910623945,593,212,211,170,6,184
strawberry,vitb32,17,ProtoAdapter-selective,msp,8.0,1.0045246737097298,0.4,0.38985885394403447,0.0,1.0,0.4044943820224719,0.6003372681281619,0.3996627318718381,593,119,118,356,0,108
strawberry,vitb32,17,ProtoAdapter-selective,msp,8.0,1.0045246737097298,0.5,0.37835778777876106,0.0,1.0,0.45692883895131087,0.5362563237774031,0.46374367622259693,593,135,140,318,0,122
strawberry,vitb32,17,ProtoAdapter-selective,msp,8.0,1.0045246737097298,0.6,0.3708012055416832,0.0,1.0,0.5093632958801498,0.47217537942664417,0.5278246205733559,593,154,159,280,0,136
strawberry,vitb32,17,ProtoAdapter-selective,msp,8.0,1.0045246737097298,0.7,0.3614396561511593,0.0,1.0,0.5842696629213483,0.4266441821247892,0.5733558178752107,593,174,166,253,0,156
strawberry,vitb32,17,ProtoAdapter-selective,msp,8.0,1.0045246737097298,0.8,0.35447544559252603,0.0,1.0,0.6329588014981273,0.37099494097807756,0.6290050590219225,593,187,186,220,0,169
strawberry,vitb32,17,ProtoAdapter-selective,msp,8.0,1.0045246737097298,0.9,0.3479960510927225,0.004975124378109453,0.9950248756218906,0.6741573033707865,0.327150084317032,0.6728499156829679,593,201,198,194,1,180
strawberry,vitb32,17,ProtoAdapter-selective,margin,8.0,1.0045246737097298,0.4,0.05420588415308775,0.0,1.0,0.45318352059925093,0.612141652613828,0.387858347386172,593,131,99,363,0,121
strawberry,vitb32,17,ProtoAdapter-selective,margin,8.0,1.0045246737097298,0.5,0.03837302966708417,0.0,1.0,0.5056179775280899,0.5396290050590219,0.4603709949409781,593,146,127,320,0,135
strawberry,vitb32,17,ProtoAdapter-selective,margin,8.0,1.0045246737097298,0.6,0.028566712702445207,0.0,1.0,0.5767790262172284,0.47554806070826305,0.524451939291737,593,170,141,282,0,154
strawberry,vitb32,17,ProtoAdapter-selective,margin,8.0,1.0045246737097298,0.7,0.02114449630832499,0.005555555555555556,0.9944444444444445,0.6104868913857678,0.42327150084317033,0.5767284991568297,593,180,162,251,1,163
strawberry,vitb32,17,ProtoAdapter-selective,margin,8.0,1.0045246737097298,0.8,0.013763859920311206,0.010638297872340425,0.9893617021276596,0.6292134831460674,0.3827993254637437,0.6172006745362564,593,188,178,227,2,168
strawberry,vitb32,17,ProtoAdapter-selective,margin,8.0,1.0045246737097298,0.9,0.006603640798869659,0.014925373134328358,0.9850746268656716,0.6741573033707865,0.3372681281618887,0.6627318718381112,593,201,192,200,3,180
strawberry,vitb32,17,ProtoAdapter-selective,entropy,8.0,1.0045246737097298,0.4,1.0877845495202398,0.0,1.0,0.36704119850187267,0.6188870151770658,0.3811129848229342,593,109,117,367,0,98
strawberry,vitb32,17,ProtoAdapter-selective,entropy,8.0,1.0045246737097298,0.5,1.090739131210738,0.0,1.0,0.4307116104868914,0.5379426644182125,0.4620573355817875,593,131,143,319,0,115
strawberry,vitb32,17,ProtoAdapter-selective,entropy,8.0,1.0045246737097298,0.6,1.0934495368576114,0.0,1.0,0.50187265917603,0.4822934232715008,0.5177065767284992,593,150,157,286,0,134
strawberry,vitb32,17,ProtoAdapter-selective,entropy,8.0,1.0045246737097298,0.7,1.0954190314865841,0.0,1.0,0.5617977528089888,0.42158516020236086,0.5784148397976392,593,170,173,250,0,150
strawberry,vitb32,17,ProtoAdapter-selective,entropy,8.0,1.0045246737097298,0.8,1.0968370765597062,0.0,1.0,0.6367041198501873,0.37268128161888703,0.627318718381113,593,190,182,221,0,170
strawberry,vitb32,17,ProtoAdapter-selective,entropy,8.0,1.0045246737097298,0.9,1.0978401530420256,0.0049504950495049506,0.995049504950495,0.6779026217228464,0.3220910623946037,0.6779089376053963,593,202,200,191,1,181
strawberry,vitb32,18,ProtoAdapter-hard,none,8.0,0.9865361480766356,1.0,,0.0,1.0,0.9063670411985019,0.24283305227655985,0.7571669477234402,593,259,190,144,0,242
strawberry,vitb32,18,ProtoAdapter-selective,msp,8.0,0.9865361480766356,0.4,0.3909196738905062,0.0,1.0,0.4157303370786517,0.6526138279932546,0.3473861720067454,593,115,91,387,0,111
strawberry,vitb32,18,ProtoAdapter-selective,msp,8.0,0.9865361480766356,0.5,0.3854279729700991,0.0,1.0,0.47191011235955055,0.5902192242833052,0.4097807757166948,593,132,111,350,0,126
strawberry,vitb32,18,ProtoAdapter-selective,msp,8.0,0.9865361480766356,0.6,0.37950786374910456,0.0,1.0,0.5580524344569289,0.5193929173693086,0.4806070826306914,593,155,130,308,0,149
strawberry,vitb32,18,ProtoAdapter-selective,msp,8.0,0.9865361480766356,0.7,0.37293293093538493,0.0,1.0,0.6292134831460674,0.45868465430016864,0.5413153456998314,593,177,144,272,0,168
strawberry,vitb32,18,ProtoAdapter-selective,msp,8.0,0.9865361480766356,0.8,0.3642845042841488,0.0,1.0,0.7116104868913857,0.38954468802698144,0.6104553119730185,593,201,161,231,0,190
strawberry,vitb32,18,ProtoAdapter-selective,msp,8.0,0.9865361480766356,0.9,0.3529110050906285,0.0,1.0,0.8052434456928839,0.327150084317032,0.6728499156829679,593,227,172,194,0,215
strawberry,vitb32,18,ProtoAdapter-selective,margin,8.0,0.9865361480766356,0.4,0.061693124216618545,0.0,1.0,0.3707865168539326,0.6627318718381113,0.33726812816188867,593,100,100,393,0,99
strawberry,vitb32,18,ProtoAdapter-selective,margin,8.0,0.9865361480766356,0.5,0.05252753039901903,0.0,1.0,0.49812734082397003,0.5868465430016864,0.41315345699831363,593,134,111,348,0,133
strawberry,vitb32,18,ProtoAdapter-selective,margin,8.0,0.9865361480766356,0.6,0.04126536048796153,0.0,1.0,0.5955056179775281,0.5143338954468802,0.48566610455311976,593,163,125,305,0,159
strawberry,vitb32,18,ProtoAdapter-selective,margin,8.0,0.9865361480766356,0.7,0.03092211284205182,0.0,1.0,0.7116104868913857,0.4451939291736931,0.554806070826307,593,196,133,264,0,190
strawberry,vitb32,18,ProtoAdapter-selective,margin,8.0,0.9865361480766356,0.8,0.021037402572741448,0.0,1.0,0.7790262172284644,0.3794266441821248,0.6205733558178752,593,217,151,225,0,208
strawberry,vitb32,18,ProtoAdapter-selective,margin,8.0,0.9865361480766356,0.9,0.009117571010903935,0.0,1.0,0.8426966292134831,0.3086003372681282,0.6913996627318718,593,236,174,183,0,225
strawberry,vitb32,18,ProtoAdapter-selective,entropy,8.0,0.9865361480766356,0.4,1.0880437261293419,0.0,1.0,0.3707865168539326,0.6762225969645869,0.32377740303541314,593,108,84,401,0,99
strawberry,vitb32,18,ProtoAdapter-selective,entropy,8.0,0.9865361480766356,0.5,1.0899775680680908,0.0,1.0,0.43820224719101125,0.6003372681281619,0.3996627318718381,593,126,111,356,0,117
strawberry,vitb32,18,ProtoAdapter-selective,entropy,8.0,0.9865361480766356,0.6,1.0916733589186716,0.0,1.0,0.5243445692883895,0.5227655986509275,0.47723440134907247,593,151,132,310,0,140
strawberry,vitb32,18,ProtoAdapter-selective,entropy,8.0,0.9865361480766356,0.7,1.093491578385771,0.0,1.0,0.599250936329588,0.4654300168634064,0.5345699831365935,593,171,146,276,0,160
strawberry,vitb32,18,ProtoAdapter-selective,entropy,8.0,0.9865361480766356,0.8,1.0956868793393335,0.0,1.0,0.7078651685393258,0.3912310286677909,0.6087689713322091,593,200,161,232,0,189
strawberry,vitb32,18,ProtoAdapter-selective,entropy,8.0,0.9865361480766356,0.9,1.0971641499082823,0.0,1.0,0.8052434456928839,0.3305227655986509,0.6694772344013491,593,227,170,196,0,215
strawberry,vitb32,19,ProtoAdapter-hard,none,8.0,0.9989670304591571,1.0,,0.0,1.0,0.9363295880149812,0.1905564924114671,0.8094435075885329,593,272,208,113,0,250
strawberry,vitb32,19,ProtoAdapter-selective,msp,8.0,0.9989670304591571,0.4,0.3777617684413719,0.0,1.0,0.550561797752809,0.6155143338954469,0.38448566610455315,593,149,79,365,0,147
strawberry,vitb32,19,ProtoAdapter-selective,msp,8.0,0.9989670304591571,0.5,0.3735547815744503,0.0,1.0,0.6554307116104869,0.5261382799325464,0.47386172006745364,593,178,103,312,0,175
strawberry,vitb32,19,ProtoAdapter-selective,msp,8.0,0.9989670304591571,0.6,0.36683754003107505,0.0,1.0,0.7640449438202247,0.43676222596964587,0.5632377740303541,593,210,124,259,0,204
strawberry,vitb32,19,ProtoAdapter-selective,msp,8.0,0.9989670304591571,0.7,0.3618998830180803,0.0,1.0,0.8239700374531835,0.3642495784148398,0.6357504215851602,593,227,150,216,0,220
strawberry,vitb32,19,ProtoAdapter-selective,msp,8.0,0.9989670304591571,0.8,0.35677799128030735,0.0,1.0,0.8801498127340824,0.2984822934232715,0.7015177065767285,593,243,173,177,0,235
strawberry,vitb32,19,ProtoAdapter-selective,msp,8.0,0.9989670304591571,0.9,0.3504608477031223,0.0,1.0,0.9176029962546817,0.24620573355817876,0.7537942664418212,593,257,190,146,0,245
strawberry,vitb32,19,ProtoAdapter-selective,margin,8.0,0.9989670304591571,0.4,0.049890177558306215,0.0,1.0,0.5692883895131086,0.6172006745362564,0.3827993254637436,593,156,71,366,0,152
strawberry,vitb32,19,ProtoAdapter-selective,margin,8.0,0.9989670304591571,0.5,0.042353517412890396,0.0,1.0,0.6666666666666666,0.5261382799325464,0.47386172006745364,593,183,98,312,0,178
strawberry,vitb32,19,ProtoAdapter-selective,margin,8.0,0.9989670304591571,0.6,0.03521963494174696,0.0,1.0,0.7827715355805244,0.44013490725126475,0.5598650927487352,593,216,116,261,0,209
strawberry,vitb32,19,ProtoAdapter-selective,margin,8.0,0.9989670304591571,0.7,0.025860100655998752,0.0,1.0,0.8314606741573034,0.3591905564924115,0.6408094435075885,593,229,151,213,0,222
strawberry,vitb32,19,ProtoAdapter-selective,margin,8.0,0.9989670304591571,0.8,0.016920804281557122,0.0,1.0,0.8951310861423221,0.28161888701517707,0.718381112984823,593,252,174,167,0,239
strawberry,vitb32,19,ProtoAdapter-selective,margin,8.0,0.9989670304591571,0.9,0.008100681996837222,0.0,1.0,0.9213483146067416,0.23777403035413153,0.7622259696458684,593,263,189,141,0,246
strawberry,vitb32,19,ProtoAdapter-selective,entropy,8.0,0.9989670304591571,0.4,1.0929133227623797,0.0,1.0,0.5093632958801498,0.6222596964586846,0.3777403035413154,593,137,87,369,0,136
strawberry,vitb32,19,ProtoAdapter-selective,entropy,8.0,0.9989670304591571,0.5,1.0941385664041787,0.0,1.0,0.6254681647940075,0.5430016863406408,0.45699831365935917,593,169,102,322,0,167
strawberry,vitb32,19,ProtoAdapter-selective,entropy,8.0,0.9989670304591571,0.6,1.0949826165337022,0.0,1.0,0.7303370786516854,0.45868465430016864,0.5413153456998314,593,199,122,272,0,195
strawberry,vitb32,19,ProtoAdapter-selective,entropy,8.0,0.9989670304591571,0.7,1.0959152146034707,0.0,1.0,0.8127340823970037,0.3811129848229342,0.6188870151770658,593,223,144,226,0,217
strawberry,vitb32,19,ProtoAdapter-selective,entropy,8.0,0.9989670304591571,0.8,1.0966625972073611,0.0,1.0,0.8614232209737828,0.31871838111298484,0.6812816188870152,593,236,168,189,0,230
strawberry,vitb32,19,ProtoAdapter-selective,entropy,8.0,0.9989670304591571,0.9,1.0976167873411335,0.0,1.0,0.9176029962546817,0.24957841483979765,0.7504215851602023,593,257,188,148,0,245
