dataset,backbone,episode,baseline,selector,alpha,beta,calibration_nll,target_coverage,selector_threshold,false_pick_rate,pick_precision,pick_recall,revisit_burden,coverage,n_samples,n_pick,n_wait,n_revisit,n_false_pick,n_true_pick
strawberry,vitb32,0,TipAdapter-hard,none,1.0,10.0,0.8490393206276114,1.0,,0.0,1.0,0.5917602996254682,0.342327150084317,0.657672849915683,593,165,225,203,0,158
strawberry,vitb32,0,TipAdapter-selective,msp,1.0,10.0,0.8490393206276114,0.4,0.5756782514785066,0.0,1.0,0.13108614232209737,0.7335581787521079,0.26644182124789206,593,36,122,435,0,35
strawberry,vitb32,0,TipAdapter-selective,msp,1.0,10.0,0.8490393206276114,0.5,0.5531150404097789,0.0,1.0,0.20973782771535582,0.6661045531197302,0.33389544688026984,593,57,141,395,0,56
strawberry,vitb32,0,TipAdapter-selective,msp,1.0,10.0,0.8490393206276114,0.6,0.522293534697394,0.0,1.0,0.30337078651685395,0.6070826306913997,0.39291736930860033,593,83,150,360,0,81
strawberry,vitb32,0,TipAdapter-selective,msp,1.0,10.0,0.8490393206276114,0.7,0.48959396332574623,0.0,1.0,0.3782771535580524,0.5345699831365935,0.46543001686340646,593,104,172,317,0,101
strawberry,vitb32,0,TipAdapter-selective,msp,1.0,10.0,0.8490393206276114,0.8,0.45590595194518274,0.0,1.0,0.4232209737827715,0.4822934232715008,0.5177065767284992,593,118,189,286,0,113
strawberry,vitb32,0,TipAdapter-selective,msp,1.0,10.0,0.8490393206276114,0.9,0.41730539058020377,0.0,1.0,0.50187265917603,0.4114671163575042,0.5885328836424958,593,139,210,244,0,134
strawberry,vitb32,0,TipAdapter-selective,margin,1.0,10.0,0.8490393206276114,0.4,0.3002670277329014,0.0,1.0,0.10112359550561797,0.7403035413153457,0.2596964586846543,593,28,126,439,0,27
strawberry,vitb32,0,TipAdapter-selective,margin,1.0,10.0,0.8490393206276114,0.5,0.24447898347393393,0.0,1.0,0.16104868913857678,0.6711635750421585,0.3288364249578415,593,44,151,398,0,43
strawberry,vitb32,0,TipAdapter-selective,margin,1.0,10.0,0.8490393206276114,0.6,0.18446816667245397,0.0,1.0,0.2397003745318352,0.6053962900505903,0.39460370994940974,593,65,169,359,0,64
strawberry,vitb32,0,TipAdapter-selective,margin,1.0,10.0,0.8490393206276114,0.7,0.14286514792919008,0.0,1.0,0.3445692883895131,0.5328836424957841,0.4671163575042159,593,93,184,316,0,92
strawberry,vitb32,0,TipAdapter-selective,margin,1.0,10.0,0.8490393206276114,0.8,0.09535252051564502,0.0,1.0,0.43820224719101125,0.4620573355817875,0.5379426644182125,593,119,200,274,0,117
strawberry,vitb32,0,TipAdapter-selective,margin,1.0,10.0,0.8490393206276114,0.9,0.04983433319946923,0.0,1.0,0.5131086142322098,0.3979763912310287,0.6020236087689713,593,142,215,236,0,137
strawberry,vitb32,0,TipAdapter-selective,entropy,1.0,10.0,0.8490393206276114,0.4,0.9200708756631989,0.0,1.0,0.20973782771535582,0.718381112984823,0.281618887015177,593,60,107,426,0,56
strawberry,vitb32,0,TipAdapter-selective,entropy,1.0,10.0,0.8490393206276114,0.5,0.9524139253540969,0.0,1.0,0.2696629213483146,0.6762225969645869,0.32377740303541314,593,77,115,401,0,72
strawberry,vitb32,0,TipAdapter-selective,entropy,1.0,10.0,0.8490393206276114,0.6,0.9795955436177808,0.0,1.0,0.32209737827715357,0.6155143338954469,0.38448566610455315,593,91,137,365,0,86
strawberry,vitb32,0,TipAdapter-selective,entropy,1.0,10.0,0.8490393206276114,0.7,1.0103370113471448,0.0,1.0,0.3857677902621723,0.554806070826307,0.44519392917369305,593,108,156,329,0,103
strawberry,vitb32,0,TipAdapter-selective,entropy,1.0,10.0,0.8490393206276114,0.8,1.0451531273444732,0.0,1.0,0.4232209737827715,0.49072512647554806,0.5092748735244519,593,118,184,291,0,113
strawberry,vitb32,0,TipAdapter-selective,entropy,1.0,10.0,0.8490393206276114,0.9,1.0743754090621513,0.0,1.0,0.5056179775280899,0.4114671163575042,0.5885328836424958,593,140,209,244,0,135
strawberry,vitb32,1,TipAdapter-hard,none,2.0,10.0,0.5620191022622105,1.0,,0.01824817518248175,0.9817518248175182,0.9026217228464419,0.209106239460371,0.790893760539629,593,274,195,124,5,241
strawberry,vitb32,1,TipAdapter-selective,msp,2.0,10.0,0.5620191022622105,0.4,0.8180058521014644,0.0,1.0,0.5131086142322098,0.6104553119730185,0.3895446880269815,593,139,92,362,0,137
strawberry,vitb32,1,TipAdapter-selective,msp,2.0,10.0,0.5620191022622105,0.5,0.7784804584651294,0.0,1.0,0.5805243445692884,0.5362563237774031,0.46374367622259693,593,158,117,318,0,155
strawberry,vitb32,1,TipAdapter-selective,msp,2.0,10.0,0.5620191022622105,0.6,0.7301643025059353,0.0,1.0,0.6966292134831461,0.4688026981450253,0.5311973018549747,593,190,125,278,0,186
strawberry,vitb32,1,TipAdapter-selective,msp,2.0,10.0,0.5620191022622105,0.7,0.6628134943771817,0.0,1.0,0.7790262172284644,0.39291736930860033,0.6070826306913997,593,215,145,233,0,208
strawberry,vitb32,1,TipAdapter-selective,msp,2.0,10.0,0.5620191022622105,0.8,0.6016566453756081,0.004201680672268907,0.9957983193277311,0.8426966292134831,0.32040472175379425,0.6795952782462058,593,238,165,190,1,225
strawberry,vitb32,1,TipAdapter-selective,msp,2.0,10.0,0.5620191022622105,0.9,0.5085191114819374,0.01171875,0.98828125,0.8689138576779026,0.2748735244519393,0.7251264755480606,593,256,174,163,3,232
strawberry,vitb32,1,TipAdapter-selective,margin,2.0,10.0,0.5620191022622105,0.4,0.6990606968052114,0.0,1.0,0.49063670411985016,0.6138279932546374,0.38617200674536256,593,133,96,364,0,131
strawberry,vitb32,1,TipAdapter-selective,margin,2.0,10.0,0.5620191022622105,0.5,0.615703366020174,0.0,1.0,0.5730337078651685,0.5413153456998314,0.4586846543001686,593,156,116,321,0,153
strawberry,vitb32,1,TipAdapter-selective,margin,2.0,10.0,0.5620191022622105,0.6,0.5353590188950502,0.0,1.0,0.6779026217228464,0.47217537942664417,0.5278246205733559,593,185,128,280,0,181
strawberry,vitb32,1,TipAdapter-selective,margin,2.0,10.0,0.5620191022622105,0.7,0.4223079727536762,0.0,1.0,0.7715355805243446,0.3946037099494098,0.6053962900505903,593,211,148,234,0,206
strawberry,vitb32,1,TipAdapter-selective,margin,2.0,10.0,0.5620191022622105,0.8,0.28969607690672516,0.004273504273504274,0.9957264957264957,0.8239700374531835,0.3254637436762226,0.6745362563237773,593,234,166,193,1,220
strawberry,vitb32,1,TipAdapter-selective,margin,2.0,10.0,0.5620191022622105,0.9,0.1348983708453883,0.011811023622047244,0.9881889763779528,0.8726591760299626,0.2630691399662732,0.7369308600337268,593,254,183,156,3,233
strawberry,vitb32,1,TipAdapter-selective,entropy,2.0,10.0,0.5620191022622105,0.4,0.5734214685007372,0.0,1.0,0.5280898876404494,0.6053962900505903,0.39460370994940974,593,144,90,359,0,141
strawberry,vitb32,1,TipAdapter-selective,entropy,2.0,10.0,0.5620191022622105,0.5,0.6466800015640699,0.0,1.0,0.5955056179775281,0.5379426644182125,0.4620573355817875,593,163,111,319,0,159
strawberry,vitb32,1,TipAdapter-selective,entropy,2.0,10.0,0.5620191022622105,0.6,0.7375917538782674,0.0,1.0,0.6891385767790262,0.4671163575042159,0.5328836424957841,593,190,126,277,0,184
strawberry,vitb32,1,TipAdapter-selective,entropy,2.0,10.0,0.5620191022622105,0.7,0.7888697742420433,0.0,1.0,0.7715355805243446,0.40978077571669475,0.5902192242833053,593,215,135,243,0,206
strawberry,vitb32,1,TipAdapter-selective,entropy,2.0,10.0,0.5620191022622105,0.8,0.8728465619212598,0.004132231404958678,0.9958677685950413,0.850187265917603,0.3305227655986509,0.6694772344013491,593,242,155,196,1,227
strawberry,vitb32,1,TipAdapter-selective,entropy,2.0,10.0,0.5620191022622105,0.9,0.9576846198134159,0.015151515151515152,0.9848484848484849,0.8913857677902621,0.26475548060708265,0.7352445193929174,593,264,172,157,4,238
strawberry,vitb32,2,TipAdapter-hard,none,2.0,10.0,0.843231485011363,1.0,,0.03365384615384615,0.9663461538461539,0.6367041198501873,0.3456998313659359,0.6543001686340641,593,208,180,205,7,170
strawberry,vitb32,2,TipAdapter-selective,msp,2.0,10.0,0.843231485011363,0.4,0.7347903047893172,0.0,1.0,0.4794007490636704,0.6897133220910624,0.3102866779089376,593,146,38,409,0,128
strawberry,vitb32,2,TipAdapter-selective,msp,2.0,10.0,0.843231485011363,0.5,0.6686876720799043,0.0,1.0,0.5131086142322098,0.6374367622259697,0.3625632377740303,593,155,60,378,0,137
strawberry,vitb32,2,TipAdapter-selective,msp,2.0,10.0,0.843231485011363,0.6,0.6157281674001274,0.0,1.0,0.5393258426966292,0.5784148397976391,0.4215851602023609,593,164,86,343,0,144
strawberry,vitb32,2,TipAdapter-selective,msp,2.0,10.0,0.843231485011363,0.7,0.5690887398060231,0.011428571428571429,0.9885714285714285,0.5692883895131086,0.5345699831365935,0.46543001686340646,593,175,101,317,2,152
strawberry,vitb32,2,TipAdapter-selective,msp,2.0,10.0,0.843231485011363,0.8,0.5236944301028297,0.016666666666666666,0.9833333333333333,0.5692883895131086,0.47386172006745364,0.5261382799325464,593,180,132,281,3,152
strawberry,vitb32,2,TipAdapter-selective,msp,2.0,10.0,0.843231485011363,0.9,0.47166194963224356,0.02631578947368421,0.9736842105263158,0.5917602996254682,0.418212478920742,0.581787521079258,593,190,155,248,5,158
strawberry,vitb32,2,TipAdapter-selective,margin,2.0,10.0,0.843231485011363,0.4,0.5335283498929386,0.0,1.0,0.4794007490636704,0.6947723440134908,0.30522765598650925,593,146,35,412,0,128
strawberry,vitb32,2,TipAdapter-selective,margin,2.0,10.0,0.843231485011363,0.5,0.41921849582827636,0.0,1.0,0.5131086142322098,0.6441821247892074,0.35581787521079256,593,155,56,382,0,137
strawberry,vitb32,2,TipAdapter-selective,margin,2.0,10.0,0.843231485011363,0.6,0.3263467395413078,0.012048192771084338,0.9879518072289156,0.5355805243445693,0.5868465430016864,0.41315345699831363,593,166,79,348,2,143
strawberry,vitb32,2,TipAdapter-selective,margin,2.0,10.0,0.843231485011363,0.7,0.23063760864785077,0.011560693641618497,0.9884393063583815,0.550561797752809,0.5362563237774031,0.46374367622259693,593,173,102,318,2,147
strawberry,vitb32,2,TipAdapter-selective,margin,2.0,10.0,0.843231485011363,0.8,0.16132932595664173,0.022099447513812154,0.9779005524861879,0.5692883895131086,0.4772344013490725,0.5227655986509274,593,181,129,283,4,152
strawberry,vitb32,2,TipAdapter-selective,margin,2.0,10.0,0.843231485011363,0.9,0.08729985964749071,0.026595744680851064,0.973404255319149,0.5842696629213483,0.418212478920742,0.581787521079258,593,188,157,248,5,156
strawberry,vitb32,2,TipAdapter-selective,entropy,2.0,10.0,0.843231485011363,0.4,0.7136662004230514,0.0,1.0,0.48314606741573035,0.6795952782462057,0.3204047217537943,593,147,43,403,0,129
strawberry,vitb32,2,TipAdapter-selective,entropy,2.0,10.0,0.843231485011363,0.5,0.7728333665398128,0.0,1.0,0.5056179775280899,0.6306913996627319,0.3693086003372681,593,154,65,374,0,135
strawberry,vitb32,2,TipAdapter-selective,entropy,2.0,10.0,0.843231485011363,0.6,0.8304333239030497,0.0,1.0,0.5468164794007491,0.5682967959527825,0.4317032040472175,593,166,90,337,0,146
strawberry,vitb32,2,TipAdapter-selective,entropy,2.0,10.0,0.843231485011363,0.7,0.8893368120844765,0.005681818181818182,0.9943181818181818,0.5692883895131086,0.5177065767284992,0.4822934232715008,593,176,110,307,1,152
strawberry,vitb32,2,TipAdapter-selective,entropy,2.0,10.0,0.843231485011363,0.8,0.9486791259200816,0.01092896174863388,0.9890710382513661,0.5917602996254682,0.4654300168634064,0.5345699831365935,593,183,134,276,2,158
strawberry,vitb32,2,TipAdapter-selective,entropy,2.0,10.0,0.843231485011363,0.9,1.0198752279155578,0.020618556701030927,0.979381443298969,0.6104868913857678,0.4114671163575042,0.5885328836424958,593,194,155,244,4,163
strawberry,vitb32,3,TipAdapter-hard,none,2.0,10.0,0.6488047099242521,1.0,,0.0,1.0,0.7340823970037453,0.3440134907251265,0.6559865092748736,593,210,179,204,0,196
strawberry,vitb32,3,TipAdapter-selective,msp,2.0,10.0,0.6488047099242521,0.4,0.7366770082026319,0.0,1.0,0.2883895131086142,0.6930860033726813,0.30691399662731866,593,77,105,411,0,77
strawberry,vitb32,3,TipAdapter-selective,msp,2.0,10.0,0.6488047099242521,0.5,0.6866619293657173,0.0,1.0,0.36704119850187267,0.6408094435075885,0.3591905564924115,593,100,113,380,0,98
strawberry,vitb32,3,TipAdapter-selective,msp,2.0,10.0,0.6488047099242521,0.6,0.6513107750911158,0.0,1.0,0.4606741573033708,0.5750421585160203,0.42495784148397975,593,126,126,341,0,123
strawberry,vitb32,3,TipAdapter-selective,msp,2.0,10.0,0.6488047099242521,0.7,0.609229848458469,0.0,1.0,0.5318352059925093,0.5177065767284992,0.4822934232715008,593,146,140,307,0,142
strawberry,vitb32,3,TipAdapter-selective,msp,2.0,10.0,0.6488047099242521,0.8,0.5522897776741147,0.0,1.0,0.6142322097378277,0.4671163575042159,0.5328836424957841,593,168,148,277,0,164
strawberry,vitb32,3,TipAdapter-selective,msp,2.0,10.0,0.6488047099242521,0.9,0.5025320242564472,0.0,1.0,0.6741573033707865,0.40472175379426645,0.5952782462057336,593,190,163,240,0,180
strawberry,vitb32,3,TipAdapter-selective,margin,2.0,10.0,0.6488047099242521,0.4,0.5376617907243368,0.0,1.0,0.30711610486891383,0.6863406408094435,0.31365935919055654,593,82,104,407,0,82
strawberry,vitb32,3,TipAdapter-selective,margin,2.0,10.0,0.6488047099242521,0.5,0.46627591214150965,0.0,1.0,0.37453183520599254,0.6290050590219224,0.3709949409780776,593,103,117,373,0,100
strawberry,vitb32,3,TipAdapter-selective,margin,2.0,10.0,0.6488047099242521,0.6,0.3979955964211694,0.0,1.0,0.4681647940074906,0.5733558178752108,0.42664418212478916,593,128,125,340,0,125
strawberry,vitb32,3,TipAdapter-selective,margin,2.0,10.0,0.6488047099242521,0.7,0.2895804851882057,0.0,1.0,0.5393258426966292,0.5109612141652614,0.4890387858347386,593,148,142,303,0,144
strawberry,vitb32,3,TipAdapter-selective,margin,2.0,10.0,0.6488047099242521,0.8,0.20098543900142868,0.0,1.0,0.6142322097378277,0.46037099494097805,0.539629005059022,593,172,148,273,0,164
strawberry,vitb32,3,TipAdapter-selective,margin,2.0,10.0,0.6488047099242521,0.9,0.12083569632478497,0.0,1.0,0.6591760299625468,0.40640809443507586,0.5935919055649241,593,188,164,241,0,176
strawberry,vitb32,3,TipAdapter-selective,entropy,2.0,10.0,0.6488047099242521,0.4,0.7234512654270018,0.0,1.0,0.2846441947565543,0.6947723440134908,0.30522765598650925,593,77,104,412,0,76
strawberry,vitb32,3,TipAdapter-selective,entropy,2.0,10.0,0.6488047099242521,0.5,0.7745638113393974,0.0,1.0,0.3707865168539326,0.642495784148398,0.35750421585160197,593,100,112,381,0,99
strawberry,vitb32,3,TipAdapter-selective,entropy,2.0,10.0,0.6488047099242521,0.6,0.8121935928064015,0.0,1.0,0.42696629213483145,0.596964586846543,0.40303541315345703,593,116,123,354,0,114
strawberry,vitb32,3,TipAdapter-selective,entropy,2.0,10.0,0.6488047099242521,0.7,0.8434492402811942,0.0,1.0,0.5093632958801498,0.5430016863406408,0.45699831365935917,593,138,133,322,0,136
strawberry,vitb32,3,TipAdapter-selective,entropy,2.0,10.0,0.6488047099242521,0.8,0.8864033000760948,0.0,1.0,0.5955056179775281,0.4806070826306914,0.5193929173693086,593,163,145,285,0,159
strawberry,vitb32,3,TipAdapter-selective,entropy,2.0,10.0,0.6488047099242521,0.9,0.9625411311663539,0.0,1.0,0.6966292134831461,0.40640809443507586,0.5935919055649241,593,191,161,241,0,186
strawberry,vitb32,4,TipAdapter-hard,none,2.0,10.0,0.6802834400177746,1.0,,0.008928571428571428,0.9910714285714286,0.7602996254681648,0.3069139966273187,0.6930860033726813,593,224,187,182,2,203
strawberry,vitb32,4,TipAdapter-selective,msp,2.0,10.0,0.6802834400177746,0.4,0.8124057903305935,0.0,1.0,0.36329588014981273,0.7015177065767285,0.2984822934232715,593,97,80,416,0,97
strawberry,vitb32,4,TipAdapter-selective,msp,2.0,10.0,0.6802834400177746,0.5,0.7666152548585718,0.0,1.0,0.449438202247191,0.6306913996627319,0.3693086003372681,593,120,99,374,0,120
strawberry,vitb32,4,TipAdapter-selective,msp,2.0,10.0,0.6802834400177746,0.6,0.7342474479960074,0.0,1.0,0.5205992509363296,0.5649241146711635,0.43507588532883645,593,139,119,335,0,139
strawberry,vitb32,4,TipAdapter-selective,msp,2.0,10.0,0.6802834400177746,0.7,0.674549877770557,0.0,1.0,0.5842696629213483,0.5042158516020236,0.49578414839797635,593,159,135,299,0,156
strawberry,vitb32,4,TipAdapter-selective,msp,2.0,10.0,0.6802834400177746,0.8,0.5936489936945056,0.0,1.0,0.651685393258427,0.433389544688027,0.5666104553119731,593,181,155,257,0,174
strawberry,vitb32,4,TipAdapter-selective,msp,2.0,10.0,0.6802834400177746,0.9,0.5167412695758345,0.0,1.0,0.6966292134831461,0.3777403035413153,0.6222596964586846,593,197,172,224,0,186
strawberry,vitb32,4,TipAdapter-selective,margin,2.0,10.0,0.6802834400177746,0.4,0.6706625142519201,0.0,1.0,0.3595505617977528,0.6930860033726813,0.30691399662731866,593,96,86,411,0,96
strawberry,vitb32,4,TipAdapter-selective,margin,2.0,10.0,0.6802834400177746,0.5,0.5935582678038575,0.0,1.0,0.449438202247191,0.627318718381113,0.37268128161888703,593,120,101,372,0,120
strawberry,vitb32,4,TipAdapter-selective,margin,2.0,10.0,0.6802834400177746,0.6,0.519607930353876,0.0,1.0,0.49812734082397003,0.5682967959527825,0.4317032040472175,593,133,123,337,0,133
strawberry,vitb32,4,TipAdapter-selective,margin,2.0,10.0,0.6802834400177746,0.7,0.4237504136014847,0.0,1.0,0.5767790262172284,0.4991568296795953,0.5008431703204047,593,157,140,296,0,154
strawberry,vitb32,4,TipAdapter-selective,margin,2.0,10.0,0.6802834400177746,0.8,0.25981462156104684,0.0,1.0,0.6367041198501873,0.42833052276559863,0.5716694772344013,593,176,163,254,0,170
strawberry,vitb32,4,TipAdapter-selective,margin,2.0,10.0,0.6802834400177746,0.9,0.13672619979660433,0.0,1.0,0.6853932584269663,0.3794266441821248,0.6205733558178752,593,194,174,225,0,183
strawberry,vitb32,4,TipAdapter-selective,entropy,2.0,10.0,0.6802834400177746,0.4,0.5584957864527433,0.0,1.0,0.36704119850187267,0.7048903878583473,0.29510961214165266,593,98,77,418,0,98
strawberry,vitb32,4,TipAdapter-selective,entropy,2.0,10.0,0.6802834400177746,0.5,0.6389360762870716,0.0,1.0,0.44569288389513106,0.6374367622259697,0.3625632377740303,593,119,96,378,0,119
strawberry,vitb32,4,TipAdapter-selective,entropy,2.0,10.0,0.6802834400177746,0.6,0.6976300896502631,0.0,1.0,0.5243445692883895,0.5733558178752108,0.42664418212478916,593,141,112,340,0,140
strawberry,vitb32,4,TipAdapter-selective,entropy,2.0,10.0,0.6802834400177746,0.7,0.7429653282553259,0.0,1.0,0.6217228464419475,0.5059021922428331,0.49409780775716694,593,167,126,300,0,166
strawberry,vitb32,4,TipAdapter-selective,entropy,2.0,10.0,0.6802834400177746,0.8,0.8240126126609534,0.0,1.0,0.700374531835206,0.4418212478920742,0.5581787521079258,593,192,139,262,0,187
strawberry,vitb32,4,TipAdapter-selective,entropy,2.0,10.0,0.6802834400177746,0.9,0.9204721375139583,0.0,1.0,0.7303370786516854,0.3760539629005059,0.623946037099494,593,206,164,223,0,195
strawberry,vitb32,5,TipAdapter-hard,none,2.0,3.0,0.7273422950001832,1.0,,0.0,1.0,0.6441947565543071,0.26812816188870153,0.7318718381112985,593,181,253,159,0,172
strawberry,vitb32,5,TipAdapter-selective,msp,2.0,3.0,0.7273422950001832,0.4,0.7490291619194309,0.0,1.0,0.16104868913857678,0.6964586846543002,0.30354131534569984,593,43,137,413,0,43
strawberry,vitb32,5,TipAdapter-selective,msp,2.0,3.0,0.7273422950001832,0.5,0.7012388342148558,0.0,1.0,0.25842696629213485,0.6222596964586846,0.3777403035413154,593,71,153,369,0,69
strawberry,vitb32,5,TipAdapter-selective,msp,2.0,3.0,0.7273422950001832,0.6,0.6463145157410638,0.0,1.0,0.3408239700374532,0.5598650927487352,0.4401349072512648,593,93,168,332,0,91
strawberry,vitb32,5,TipAdapter-selective,msp,2.0,3.0,0.7273422950001832,0.7,0.5985191235442016,0.0,1.0,0.4232209737827715,0.4839797639123103,0.5160202360876898,593,117,189,287,0,113
strawberry,vitb32,5,TipAdapter-selective,msp,2.0,3.0,0.7273422950001832,0.8,0.5567729726823639,0.0,1.0,0.5056179775280899,0.4114671163575042,0.5885328836424958,593,139,210,244,0,135
strawberry,vitb32,5,TipAdapter-selective,msp,2.0,3.0,0.7273422950001832,0.9,0.5068344861445927,0.0,1.0,0.5842696629213483,0.33558178752107926,0.6644182124789207,593,163,231,199,0,156
strawberry,vitb32,5,TipAdapter-selective,margin,2.0,3.0,0.7273422950001832,0.4,0.5744174468598496,0.0,1.0,0.1647940074906367,0.6930860033726813,0.30691399662731866,593,44,138,411,0,44
strawberry,vitb32,5,TipAdapter-selective,margin,2.0,3.0,0.7273422950001832,0.5,0.4832405199784853,0.0,1.0,0.27340823970037453,0.6256323777403036,0.37436762225969644,593,75,147,371,0,73
strawberry,vitb32,5,TipAdapter-selective,margin,2.0,3.0,0.7273422950001832,0.6,0.40218055332556046,0.0,1.0,0.3408239700374532,0.5581787521079258,0.4418212478920742,593,95,167,331,0,91
strawberry,vitb32,5,TipAdapter-selective,margin,2.0,3.0,0.7273422950001832,0.7,0.2939341238924082,0.0,1.0,0.41198501872659177,0.48903878583473864,0.5109612141652613,593,114,189,290,0,110
strawberry,vitb32,5,TipAdapter-selective,margin,2.0,3.0,0.7273422950001832,0.8,0.20079927264702707,0.0,1.0,0.5093632958801498,0.40809443507588533,0.5919055649241147,593,140,211,242,0,136
strawberry,vitb32,5,TipAdapter-selective,margin,2.0,3.0,0.7273422950001832,0.9,0.10016255188644418,0.0,1.0,0.5842696629213483,0.33220910623946037,0.6677908937605397,593,164,232,197,0,156
strawberry,vitb32,5,TipAdapter-selective,entropy,2.0,3.0,0.7273422950001832,0.4,0.7038683660848768,0.0,1.0,0.16104868913857678,0.7048903878583473,0.29510961214165266,593,43,132,418,0,43
strawberry,vitb32,5,TipAdapter-selective,entropy,2.0,3.0,0.7273422950001832,0.5,0.7506536179530979,0.0,1.0,0.23220973782771537,0.6374367622259697,0.3625632377740303,593,62,153,378,0,62
strawberry,vitb32,5,TipAdapter-selective,entropy,2.0,3.0,0.7273422950001832,0.6,0.7921251845199109,0.0,1.0,0.3146067415730337,0.5564924114671164,0.44350758853288363,593,86,177,330,0,84
strawberry,vitb32,5,TipAdapter-selective,entropy,2.0,3.0,0.7273422950001832,0.7,0.8504862973535731,0.0,1.0,0.41947565543071164,0.47554806070826305,0.524451939291737,593,114,197,282,0,112
strawberry,vitb32,5,TipAdapter-selective,entropy,2.0,3.0,0.7273422950001832,0.8,0.8943249674542856,0.0,1.0,0.50187265917603,0.418212478920742,0.581787521079258,593,136,209,248,0,134
strawberry,vitb32,5,TipAdapter-selective,entropy,2.0,3.0,0.7273422950001832,0.9,0.9520537823260811,0.0,1.0,0.5917602996254682,0.3490725126475548,0.6509274873524452,593,164,222,207,0,158
strawberry,vitb32,6,TipAdapter-hard,none,2.0,5.5,0.5761844116374932,1.0,,0.00684931506849315,0.9931506849315068,0.951310861423221,0.1315345699831366,0.8684654300168634,593,292,223,78,2,254
strawberry,vitb32,6,TipAdapter-selective,msp,2.0,5.5,0.5761844116374932,0.4,0.7944722766302563,0.0,1.0,0.449438202247191,0.6053962900505903,0.39460370994940974,593,121,113,359,0,120
strawberry,vitb32,6,TipAdapter-selective,msp,2.0,5.5,0.5761844116374932,0.5,0.7458927029357796,0.0,1.0,0.5767790262172284,0.5143338954468802,0.48566610455311976,593,157,131,305,0,154
strawberry,vitb32,6,TipAdapter-selective,msp,2.0,5.5,0.5761844116374932,0.6,0.6999716304434656,0.0,1.0,0.6853932584269663,0.4350758853288364,0.5649241146711637,593,191,144,258,0,183
strawberry,vitb32,6,TipAdapter-selective,msp,2.0,5.5,0.5761844116374932,0.7,0.6433055556578076,0.0,1.0,0.7715355805243446,0.35075885328836426,0.6492411467116357,593,220,165,208,0,206
strawberry,vitb32,6,TipAdapter-selective,msp,2.0,5.5,0.5761844116374932,0.8,0.5612562662116112,0.0,1.0,0.8726591760299626,0.26981450252951095,0.7301854974704891,593,251,182,160,0,233
strawberry,vitb32,6,TipAdapter-selective,msp,2.0,5.5,0.5761844116374932,0.9,0.49169977513990154,0.0,1.0,0.9250936329588015,0.20236087689713322,0.7976391231028668,593,273,200,120,0,247
strawberry,vitb32,6,TipAdapter-selective,margin,2.0,5.5,0.5761844116374932,0.4,0.6596773009574861,0.0,1.0,0.4344569288389513,0.6070826306913997,0.39291736930860033,593,117,116,360,0,116
strawberry,vitb32,6,TipAdapter-selective,margin,2.0,5.5,0.5761844116374932,0.5,0.5678018106763846,0.0,1.0,0.5767790262172284,0.5193929173693086,0.4806070826306914,593,156,129,308,0,154
strawberry,vitb32,6,TipAdapter-selective,margin,2.0,5.5,0.5761844116374932,0.6,0.48740379182962423,0.0,1.0,0.6741573033707865,0.4350758853288364,0.5649241146711637,593,189,146,258,0,180
strawberry,vitb32,6,TipAdapter-selective,margin,2.0,5.5,0.5761844116374932,0.7,0.3675007610223139,0.0,1.0,0.7752808988764045,0.3490725126475548,0.6509274873524452,593,221,165,207,0,207
strawberry,vitb32,6,TipAdapter-selective,margin,2.0,5.5,0.5761844116374932,0.8,0.23578977586448918,0.0,1.0,0.8576779026217228,0.2799325463743676,0.7200674536256324,593,247,180,166,0,229
strawberry,vitb32,6,TipAdapter-selective,margin,2.0,5.5,0.5761844116374932,0.9,0.11682216666713102,0.0,1.0,0.9138576779026217,0.1973018549747049,0.8026981450252951,593,272,204,117,0,244
strawberry,vitb32,6,TipAdapter-selective,entropy,2.0,5.5,0.5761844116374932,0.4,0.6295151788067266,0.0,1.0,0.44569288389513106,0.6070826306913997,0.39291736930860033,593,120,113,360,0,119
strawberry,vitb32,6,TipAdapter-selective,entropy,2.0,5.5,0.5761844116374932,0.5,0.7195407148650727,0.0,1.0,0.5655430711610487,0.521079258010118,0.478920741989882,593,156,128,309,0,151
strawberry,vitb32,6,TipAdapter-selective,entropy,2.0,5.5,0.5761844116374932,0.6,0.7812551846255227,0.0,1.0,0.6853932584269663,0.433389544688027,0.5666104553119731,593,193,143,257,0,183
strawberry,vitb32,6,TipAdapter-selective,entropy,2.0,5.5,0.5761844116374932,0.7,0.8266298775187348,0.0,1.0,0.7902621722846442,0.3524451939291737,0.6475548060708263,593,227,157,209,0,211
strawberry,vitb32,6,TipAdapter-selective,entropy,2.0,5.5,0.5761844116374932,0.8,0.8962501158445082,0.0,1.0,0.8651685393258427,0.26981450252951095,0.7301854974704891,593,253,180,160,0,231
strawberry,vitb32,6,TipAdapter-selective,entropy,2.0,5.5,0.5761844116374932,0.9,0.9895406258186448,0.003663003663003663,0.9963369963369964,0.9176029962546817,0.19224283305227655,0.8077571669477235,593,273,206,114,1,245
strawberry,vitb32,7,TipAdapter-hard,none,2.0,5.5,0.6020144563858494,1.0,,0.008695652173913044,0.991304347826087,0.797752808988764,0.2580101180438449,0.7419898819561551,593,230,210,153,2,213
strawberry,vitb32,7,TipAdapter-selective,msp,2.0,5.5,0.6020144563858494,0.4,0.7126874023543892,0.0,1.0,0.38202247191011235,0.6559865092748736,0.34401349072512644,593,102,102,389,0,102
strawberry,vitb32,7,TipAdapter-selective,msp,2.0,5.5,0.6020144563858494,0.5,0.6796950483711939,0.0,1.0,0.43820224719101125,0.5868465430016864,0.41315345699831363,593,121,124,348,0,117
strawberry,vitb32,7,TipAdapter-selective,msp,2.0,5.5,0.6020144563858494,0.6,0.64037687246793,0.0,1.0,0.5318352059925093,0.5160202360876898,0.48397976391231023,593,147,140,306,0,142
strawberry,vitb32,7,TipAdapter-selective,msp,2.0,5.5,0.6020144563858494,0.7,0.5906886173898751,0.0,1.0,0.6067415730337079,0.4502529510961214,0.5497470489038786,593,170,156,267,0,162
strawberry,vitb32,7,TipAdapter-selective,msp,2.0,5.5,0.6020144563858494,0.8,0.5321140093823095,0.0,1.0,0.651685393258427,0.3827993254637437,0.6172006745362564,593,182,184,227,0,174
strawberry,vitb32,7,TipAdapter-selective,msp,2.0,5.5,0.6020144563858494,0.9,0.4894340177497505,0.0,1.0,0.7528089887640449,0.3220910623946037,0.6779089376053963,593,210,192,191,0,201
strawberry,vitb32,7,TipAdapter-selective,margin,2.0,5.5,0.6020144563858494,0.4,0.5021423987781815,0.0,1.0,0.37453183520599254,0.6526138279932546,0.3473861720067454,593,103,103,387,0,100
strawberry,vitb32,7,TipAdapter-selective,margin,2.0,5.5,0.6020144563858494,0.5,0.4429520910280267,0.0,1.0,0.44569288389513106,0.5784148397976391,0.4215851602023609,593,124,126,343,0,119
strawberry,vitb32,7,TipAdapter-selective,margin,2.0,5.5,0.6020144563858494,0.6,0.36939741749605204,0.0,1.0,0.5355805243445693,0.5025295109612141,0.4974704890387859,593,150,145,298,0,143
strawberry,vitb32,7,TipAdapter-selective,margin,2.0,5.5,0.6020144563858494,0.7,0.2761887201323213,0.0,1.0,0.6067415730337079,0.44350758853288363,0.5564924114671164,593,170,160,263,0,162
strawberry,vitb32,7,TipAdapter-selective,margin,2.0,5.5,0.6020144563858494,0.8,0.17615532723051158,0.0,1.0,0.6704119850187266,0.3760539629005059,0.623946037099494,593,187,183,223,0,179
strawberry,vitb32,7,TipAdapter-selective,margin,2.0,5.5,0.6020144563858494,0.9,0.08352297353199467,0.0048543689320388345,0.9951456310679612,0.7265917602996255,0.31871838111298484,0.6812816188870152,593,206,198,189,1,194
strawberry,vitb32,7,TipAdapter-selective,entropy,2.0,5.5,0.6020144563858494,0.4,0.7299511999064106,0.0,1.0,0.3895131086142322,0.6627318718381113,0.33726812816188867,593,105,95,393,0,104
strawberry,vitb32,7,TipAdapter-selective,entropy,2.0,5.5,0.6020144563858494,0.5,0.7781920566280611,0.0,1.0,0.45692883895131087,0.5986509274873525,0.4013490725126475,593,123,115,355,0,122
strawberry,vitb32,7,TipAdapter-selective,entropy,2.0,5.5,0.6020144563858494,0.6,0.8181552792725847,0.0,1.0,0.50187265917603,0.5463743676222597,0.45362563237774034,593,137,132,324,0,134
strawberry,vitb32,7,TipAdapter-selective,entropy,2.0,5.5,0.6020144563858494,0.7,0.8452718695236522,0.0,1.0,0.599250936329588,0.4671163575042159,0.5328836424957841,593,166,150,277,0,160
strawberry,vitb32,7,TipAdapter-selective,entropy,2.0,5.5,0.6020144563858494,0.8,0.9119523153082734,0.0,1.0,0.700374531835206,0.38785834738617203,0.6121416526138279,593,196,167,230,0,187
strawberry,vitb32,7,TipAdapter-selective,entropy,2.0,5.5,0.6020144563858494,0.9,1.0008371157441789,0.0,1.0,0.7453183520599251,0.32040472175379425,0.6795952782462058,593,211,192,190,0,199
strawberry,vitb32,8,TipAdapter-hard,none,2.0,5.5,0.5597201193650057,1.0,,0.07260726072607261,0.9273927392739274,0.9288389513108615,0.10623946037099494,0.893760539629005,593,303,227,63,22,248
strawberry,vitb32,8,TipAdapter-selective,msp,2.0,5.5,0.5597201193650057,0.4,0.7853206310813482,0.0,1.0,0.5842696629213483,0.5986509274873525,0.4013490725126475,593,160,78,355,0,156
strawberry,vitb32,8,TipAdapter-selective,msp,2.0,5.5,0.5597201193650057,0.5,0.7206248469496538,0.0,1.0,0.6629213483146067,0.5059021922428331,0.49409780775716694,593,184,109,300,0,177
strawberry,vitb32,8,TipAdapter-selective,msp,2.0,5.5,0.5597201193650057,0.6,0.6592949682118583,0.0,1.0,0.7602996254681648,0.4148397976391231,0.5851602023608768,593,216,131,246,0,203
strawberry,vitb32,8,TipAdapter-selective,msp,2.0,5.5,0.5597201193650057,0.7,0.5941227154626199,0.004219409282700422,0.9957805907172996,0.8089887640449438,0.33558178752107926,0.6644182124789207,593,237,157,199,1,216
strawberry,vitb32,8,TipAdapter-selective,msp,2.0,5.5,0.5597201193650057,0.8,0.5215930545788423,0.022813688212927757,0.9771863117870723,0.8689138576779026,0.25463743676222594,0.7453625632377741,593,263,179,151,6,232
strawberry,vitb32,8,TipAdapter-selective,msp,2.0,5.5,0.5597201193650057,0.9,0.47259785441192115,0.0425531914893617,0.9574468085106383,0.9026217228464419,0.178752107925801,0.821247892074199,593,282,205,106,12,241
strawberry,vitb32,8,TipAdapter-selective,margin,2.0,5.5,0.5597201193650057,0.4,0.633869337824652,0.0,1.0,0.5805243445692884,0.5986509274873525,0.4013490725126475,593,159,79,355,0,155
strawberry,vitb32,8,TipAdapter-selective,margin,2.0,5.5,0.5597201193650057,0.5,0.5456978298503505,0.0,1.0,0.6704119850187266,0.5059021922428331,0.49409780775716694,593,186,107,300,0,179
strawberry,vitb32,8,TipAdapter-selective,margin,2.0,5.5,0.5597201193650057,0.6,0.4409517516552731,0.0,1.0,0.7565543071161048,0.4131534569983137,0.5868465430016863,593,217,131,245,0,202
strawberry,vitb32,8,TipAdapter-selective,margin,2.0,5.5,0.5597201193650057,0.7,0.3195999718122228,0.004219409282700422,0.9957805907172996,0.8052434456928839,0.33389544688026984,0.6661045531197302,593,237,158,198,1,215
strawberry,vitb32,8,TipAdapter-selective,margin,2.0,5.5,0.5597201193650057,0.8,0.19888290170507794,0.022900763358778626,0.9770992366412213,0.8539325842696629,0.25463743676222594,0.7453625632377741,593,262,180,151,6,228
strawberry,vitb32,8,TipAdapter-selective,margin,2.0,5.5,0.5597201193650057,0.9,0.09858811915643473,0.038869257950530034,0.9611307420494699,0.898876404494382,0.16863406408094436,0.8313659359190556,593,283,210,100,11,240
strawberry,vitb32,8,TipAdapter-selective,entropy,2.0,5.5,0.5597201193650057,0.4,0.6393326601620191,0.0,1.0,0.5730337078651685,0.5986509274873525,0.4013490725126475,593,157,81,355,0,153
strawberry,vitb32,8,TipAdapter-selective,entropy,2.0,5.5,0.5597201193650057,0.5,0.7534282048922343,0.0,1.0,0.6441947565543071,0.5042158516020236,0.49578414839797635,593,179,115,299,0,172
strawberry,vitb32,8,TipAdapter-selective,entropy,2.0,5.5,0.5597201193650057,0.6,0.8285871900030936,0.0,1.0,0.7752808988764045,0.4114671163575042,0.5885328836424958,593,218,131,244,0,207
strawberry,vitb32,8,TipAdapter-selective,entropy,2.0,5.5,0.5597201193650057,0.7,0.8907671837597595,0.008333333333333333,0.9916666666666667,0.8277153558052435,0.327150084317032,0.6728499156829679,593,240,159,194,2,221
strawberry,vitb32,8,TipAdapter-selective,entropy,2.0,5.5,0.5597201193650057,0.8,0.9652558990126227,0.019083969465648856,0.9809160305343512,0.8801498127340824,0.2630691399662732,0.7369308600337268,593,262,175,156,5,235
strawberry,vitb32,8,TipAdapter-selective,entropy,2.0,5.5,0.5597201193650057,0.9,1.0214397634089318,0.04225352112676056,0.9577464788732395,0.9138576779026217,0.178752107925801,0.821247892074199,593,284,203,106,12,244
strawberry,vitb32,9,TipAdapter-hard,none,2.0,10.0,0.6601910424902833,1.0,,0.11258278145695365,0.8874172185430463,0.8689138576779026,0.28836424957841483,0.7116357504215851,593,302,120,171,34,232
strawberry,vitb32,9,TipAdapter-selective,msp,2.0,10.0,0.6601910424902833,0.4,0.7561442676018877,0.0,1.0,0.6217228464419475,0.6677908937605397,0.3322091062394603,593,183,14,396,0,166
strawberry,vitb32,9,TipAdapter-selective,msp,2.0,10.0,0.6601910424902833,0.5,0.6710306513836147,0.014492753623188406,0.9855072463768116,0.6853932584269663,0.6087689713322091,0.3912310286677909,593,207,25,361,3,183
strawberry,vitb32,9,TipAdapter-selective,msp,2.0,10.0,0.6601910424902833,0.6,0.6207898565702548,0.02631578947368421,0.9736842105263158,0.7490636704119851,0.5446880269814502,0.45531197301854975,593,228,42,323,6,200
strawberry,vitb32,9,TipAdapter-selective,msp,2.0,10.0,0.6601910424902833,0.7,0.5572827451112338,0.028688524590163935,0.9713114754098361,0.7865168539325843,0.47386172006745364,0.5261382799325464,593,244,68,281,7,210
strawberry,vitb32,9,TipAdapter-selective,msp,2.0,10.0,0.6601910424902833,0.8,0.5195818045663939,0.0599250936329588,0.9400749063670412,0.8314606741573034,0.403035413153457,0.596964586846543,593,267,87,239,16,222
strawberry,vitb32,9,TipAdapter-selective,msp,2.0,10.0,0.6601910424902833,0.9,0.46716130825528884,0.10139860139860139,0.8986013986013986,0.850187265917603,0.3372681281618887,0.6627318718381112,593,286,107,200,29,227
strawberry,vitb32,9,TipAdapter-selective,margin,2.0,10.0,0.6601910424902833,0.4,0.5677231098892161,0.0,1.0,0.6217228464419475,0.6745362563237775,0.32546374367622255,593,181,12,400,0,166
strawberry,vitb32,9,TipAdapter-selective,margin,2.0,10.0,0.6601910424902833,0.5,0.43603702754645934,0.01951219512195122,0.9804878048780488,0.6779026217228464,0.6037099494097807,0.39629005059021927,593,205,30,358,4,181
strawberry,vitb32,9,TipAdapter-selective,margin,2.0,10.0,0.6601910424902833,0.6,0.33584139736497776,0.02242152466367713,0.9775784753363229,0.7265917602996255,0.5430016863406408,0.45699831365935917,593,223,48,322,5,194
strawberry,vitb32,9,TipAdapter-selective,margin,2.0,10.0,0.6601910424902833,0.7,0.22686371914898273,0.03292181069958848,0.9670781893004116,0.7827715355805244,0.47386172006745364,0.5261382799325464,593,243,69,281,8,209
strawberry,vitb32,9,TipAdapter-selective,margin,2.0,10.0,0.6601910424902833,0.8,0.13717454150900743,0.04580152671755725,0.9541984732824428,0.8277153558052435,0.40472175379426645,0.5952782462057336,593,262,91,240,12,221
strawberry,vitb32,9,TipAdapter-selective,margin,2.0,10.0,0.6601910424902833,0.9,0.06642022461393665,0.0812720848056537,0.9187279151943463,0.850187265917603,0.3440134907251265,0.6559865092748736,593,283,106,204,23,227
strawberry,vitb32,9,TipAdapter-selective,entropy,2.0,10.0,0.6601910424902833,0.4,0.6741801157917306,0.0,1.0,0.6179775280898876,0.6694772344013491,0.3305227655986509,593,182,14,397,0,165
strawberry,vitb32,9,TipAdapter-selective,entropy,2.0,10.0,0.6601910424902833,0.5,0.7717989689166596,0.014563106796116505,0.9854368932038835,0.6928838951310862,0.6104553119730185,0.3895446880269815,593,206,25,362,3,185
strawberry,vitb32,9,TipAdapter-selective,entropy,2.0,10.0,0.6601910424902833,0.6,0.8283268870552589,0.043859649122807015,0.956140350877193,0.7265917602996255,0.5463743676222597,0.45362563237774034,593,228,41,324,10,194
strawberry,vitb32,9,TipAdapter-selective,entropy,2.0,10.0,0.6601910424902833,0.7,0.8746105888776833,0.06827309236947791,0.9317269076305221,0.7715355805243446,0.4873524451939292,0.5126475548060708,593,249,55,289,17,206
strawberry,vitb32,9,TipAdapter-selective,entropy,2.0,10.0,0.6601910424902833,0.8,0.9410069676097563,0.08888888888888889,0.9111111111111111,0.8127340823970037,0.4131534569983137,0.5868465430016863,593,270,78,245,24,217
strawberry,vitb32,9,TipAdapter-selective,entropy,2.0,10.0,0.6601910424902833,0.9,1.0117998751290325,0.09722222222222222,0.9027777777777778,0.8614232209737828,0.342327150084317,0.657672849915683,593,288,102,203,28,230
strawberry,vitb32,10,TipAdapter-hard,none,2.0,10.0,0.650151904242821,1.0,,0.01282051282051282,0.9871794871794872,0.5543071161048689,0.35075885328836426,0.6492411467116357,593,156,229,208,2,148
strawberry,vitb32,10,TipAdapter-selective,msp,2.0,10.0,0.650151904242821,0.4,0.660639565920717,0.0,1.0,0.22846441947565543,0.6981450252951096,0.3018549747048904,593,63,116,414,0,61
strawberry,vitb32,10,TipAdapter-selective,msp,2.0,10.0,0.650151904242821,0.5,0.6064359663292576,0.0,1.0,0.2696629213483146,0.6256323777403036,0.37436762225969644,593,74,148,371,0,72
strawberry,vitb32,10,TipAdapter-selective,msp,2.0,10.0,0.650151904242821,0.6,0.5692139550622891,0.011904761904761904,0.9880952380952381,0.30337078651685395,0.5784148397976391,0.4215851602023609,593,84,166,343,1,81
strawberry,vitb32,10,TipAdapter-selective,msp,2.0,10.0,0.650151904242821,0.7,0.533700087086628,0.010416666666666666,0.9895833333333334,0.34831460674157305,0.5193929173693086,0.4806070826306914,593,96,189,308,1,93
strawberry,vitb32,10,TipAdapter-selective,msp,2.0,10.0,0.650151904242821,0.8,0.5042792529815426,0.008695652173913044,0.991304347826087,0.41947565543071164,0.46037099494097805,0.539629005059022,593,115,205,273,1,112
strawberry,vitb32,10,TipAdapter-selective,msp,2.0,10.0,0.650151904242821,0.9,0.46519018044794996,0.0070921985815602835,0.9929078014184397,0.5093632958801498,0.40134907251264756,0.5986509274873524,593,141,214,238,1,136
strawberry,vitb32,10,TipAdapter-selective,margin,2.0,10.0,0.650151904242821,0.4,0.40457278977262634,0.0,1.0,0.20224719101123595,0.7032040472175379,0.29679595278246207,593,56,120,417,0,54
strawberry,vitb32,10,TipAdapter-selective,margin,2.0,10.0,0.650151904242821,0.5,0.31660626734816294,0.014084507042253521,0.9859154929577465,0.2546816479400749,0.6340640809443507,0.36593591905564926,593,71,146,376,1,68
strawberry,vitb32,10,TipAdapter-selective,margin,2.0,10.0,0.650151904242821,0.6,0.2552271512046634,0.0125,0.9875,0.2883895131086142,0.5767284991568297,0.42327150084317033,593,80,171,342,1,77
strawberry,vitb32,10,TipAdapter-selective,margin,2.0,10.0,0.650151904242821,0.7,0.202664608352231,0.010416666666666666,0.9895833333333334,0.34831460674157305,0.5177065767284992,0.4822934232715008,593,96,190,307,1,93
strawberry,vitb32,10,TipAdapter-selective,margin,2.0,10.0,0.650151904242821,0.8,0.1463545988393476,0.008771929824561403,0.9912280701754386,0.4157303370786517,0.4654300168634064,0.5345699831365935,593,114,203,276,1,111
strawberry,vitb32,10,TipAdapter-selective,margin,2.0,10.0,0.650151904242821,0.9,0.0812086975091122,0.007518796992481203,0.9924812030075187,0.4868913857677903,0.40978077571669475,0.5902192242833053,593,133,217,243,1,130
strawberry,vitb32,10,TipAdapter-selective,entropy,2.0,10.0,0.650151904242821,0.4,0.8287772406476368,0.0,1.0,0.2247191011235955,0.6964586846543002,0.30354131534569984,593,62,118,413,0,60
strawberry,vitb32,10,TipAdapter-selective,entropy,2.0,10.0,0.650151904242821,0.5,0.8548469858291028,0.0,1.0,0.2696629213483146,0.642495784148398,0.35750421585160197,593,76,136,381,0,72
strawberry,vitb32,10,TipAdapter-selective,entropy,2.0,10.0,0.650151904242821,0.6,0.891205945720049,0.0,1.0,0.3408239700374532,0.581787521079258,0.418212478920742,593,95,153,345,0,91
strawberry,vitb32,10,TipAdapter-selective,entropy,2.0,10.0,0.650151904242821,0.7,0.9402494656095123,0.0,1.0,0.40074906367041196,0.5160202360876898,0.48397976391231023,593,111,176,306,0,107
strawberry,vitb32,10,TipAdapter-selective,entropy,2.0,10.0,0.650151904242821,0.8,0.9829641590016237,0.008064516129032258,0.9919354838709677,0.44569288389513106,0.4620573355817875,0.5379426644182125,593,124,195,274,1,119
strawberry,vitb32,10,TipAdapter-selective,entropy,2.0,10.0,0.650151904242821,0.9,1.0386081191041288,0.0070921985815602835,0.9929078014184397,0.5056179775280899,0.403035413153457,0.596964586846543,593,141,213,239,1,135
strawberry,vitb32,11,TipAdapter-hard,none,2.0,5.5,0.5987118904328569,1.0,,0.040293040293040296,0.9597069597069597,0.8764044943820225,0.09443507588532883,0.9055649241146712,593,273,264,56,11,234
strawberry,vitb32,11,TipAdapter-selective,msp,2.0,5.5,0.5987118904328569,0.4,0.8434849274084377,0.0,1.0,0.449438202247191,0.5986509274873525,0.4013490725126475,593,128,110,355,0,120
strawberry,vitb32,11,TipAdapter-selective,msp,2.0,5.5,0.5987118904328569,0.5,0.7934399461876878,0.0,1.0,0.5430711610486891,0.4991568296795953,0.5008431703204047,593,154,143,296,0,145
strawberry,vitb32,11,TipAdapter-selective,msp,2.0,5.5,0.5987118904328569,0.6,0.7189517175396628,0.010638297872340425,0.9893617021276596,0.6554307116104869,0.403035413153457,0.596964586846543,593,188,166,239,2,175
strawberry,vitb32,11,TipAdapter-selective,msp,2.0,5.5,0.5987118904328569,0.7,0.6432283245944714,0.014018691588785047,0.985981308411215,0.7303370786516854,0.3136593591905565,0.6863406408094435,593,214,193,186,3,195
strawberry,vitb32,11,TipAdapter-selective,msp,2.0,5.5,0.5987118904328569,0.8,0.5834305566812126,0.0211864406779661,0.978813559322034,0.7902621722846442,0.23608768971332209,0.7639123102866779,593,236,217,140,5,211
strawberry,vitb32,11,TipAdapter-selective,msp,2.0,5.5,0.5987118904328569,0.9,0.5176170211205624,0.023346303501945526,0.9766536964980544,0.8539325842696629,0.16020236087689713,0.8397976391231029,593,257,241,95,6,228
strawberry,vitb32,11,TipAdapter-selective,margin,2.0,5.5,0.5987118904328569,0.4,0.7370798875431567,0.0,1.0,0.4344569288389513,0.5986509274873525,0.4013490725126475,593,123,115,355,0,116
strawberry,vitb32,11,TipAdapter-selective,margin,2.0,5.5,0.5987118904328569,0.5,0.6365726866398513,0.0,1.0,0.5468164794007491,0.4991568296795953,0.5008431703204047,593,155,142,296,0,146
strawberry,vitb32,11,TipAdapter-selective,margin,2.0,5.5,0.5987118904328569,0.6,0.5037867041355288,0.016216216216216217,0.9837837837837837,0.6367041198501873,0.40472175379426645,0.5952782462057336,593,185,168,240,3,170
strawberry,vitb32,11,TipAdapter-selective,margin,2.0,5.5,0.5987118904328569,0.7,0.3777610275518227,0.014150943396226415,0.9858490566037735,0.7228464419475655,0.3136593591905565,0.6863406408094435,593,212,195,186,3,193
strawberry,vitb32,11,TipAdapter-selective,margin,2.0,5.5,0.5987118904328569,0.8,0.25743292933553,0.02127659574468085,0.9787234042553191,0.7902621722846442,0.23608768971332209,0.7639123102866779,593,235,218,140,5,211
strawberry,vitb32,11,TipAdapter-selective,margin,2.0,5.5,0.5987118904328569,0.9,0.13967313710569917,0.03137254901960784,0.9686274509803922,0.8389513108614233,0.15851602023608768,0.8414839797639123,593,255,244,94,8,224
strawberry,vitb32,11,TipAdapter-selective,entropy,2.0,5.5,0.5987118904328569,0.4,0.514818392027766,0.0,1.0,0.4606741573033708,0.5986509274873525,0.4013490725126475,593,131,107,355,0,123
strawberry,vitb32,11,TipAdapter-selective,entropy,2.0,5.5,0.5987118904328569,0.5,0.614425433581681,0.0,1.0,0.5543071161048689,0.4991568296795953,0.5008431703204047,593,156,141,296,0,148
strawberry,vitb32,11,TipAdapter-selective,entropy,2.0,5.5,0.5987118904328569,0.6,0.7263450488289966,0.0,1.0,0.6666666666666666,0.40134907251264756,0.5986509274873524,593,189,166,238,0,178
strawberry,vitb32,11,TipAdapter-selective,entropy,2.0,5.5,0.5987118904328569,0.7,0.8086519672297025,0.009345794392523364,0.9906542056074766,0.7453183520599251,0.31703204047217537,0.6829679595278246,593,214,191,188,2,199
strawberry,vitb32,11,TipAdapter-selective,entropy,2.0,5.5,0.5987118904328569,0.8,0.8673875974820671,0.012552301255230125,0.9874476987447699,0.8052434456928839,0.24283305227655985,0.7571669477234402,593,239,210,144,3,215
strawberry,vitb32,11,TipAdapter-selective,entropy,2.0,5.5,0.5987118904328569,0.9,0.958115001819563,0.023166023166023165,0.9768339768339769,0.850187265917603,0.16020236087689713,0.8397976391231029,593,259,239,95,6,227
strawberry,vitb32,12,TipAdapter-hard,none,2.0,5.5,0.7649505139708965,1.0,,0.0,1.0,0.5655430711610487,0.3524451939291737,0.6475548060708263,593,165,219,209,0,151
strawberry,vitb32,12,TipAdapter-selective,msp,2.0,5.5,0.7649505139708965,0.4,0.6985372096139599,0.0,1.0,0.20973782771535582,0.6964586846543002,0.30354131534569984,593,60,120,413,0,56
strawberry,vitb32,12,TipAdapter-selective,msp,2.0,5.5,0.7649505139708965,0.5,0.6504819172979832,0.0,1.0,0.250936329588015,0.6475548060708263,0.35244519392917373,593,71,138,384,0,67
strawberry,vitb32,12,TipAdapter-selective,msp,2.0,5.5,0.7649505139708965,0.6,0.5982662265457677,0.0,1.0,0.30337078651685395,0.5885328836424958,0.4114671163575042,593,87,157,349,0,81
strawberry,vitb32,12,TipAdapter-selective,msp,2.0,5.5,0.7649505139708965,0.7,0.5562020113334706,0.0,1.0,0.38202247191011235,0.5311973018549747,0.4688026981450253,593,109,169,315,0,102
strawberry,vitb32,12,TipAdapter-selective,msp,2.0,5.5,0.7649505139708965,0.8,0.5106063938756622,0.0,1.0,0.449438202247191,0.47386172006745364,0.5261382799325464,593,131,181,281,0,120
strawberry,vitb32,12,TipAdapter-selective,msp,2.0,5.5,0.7649505139708965,0.9,0.45214909341958454,0.0,1.0,0.5131086142322098,0.4114671163575042,0.5885328836424958,593,150,199,244,0,137
strawberry,vitb32,12,TipAdapter-selective,margin,2.0,5.5,0.7649505139708965,0.4,0.4629859635531214,0.0,1.0,0.19850187265917604,0.7032040472175379,0.29679595278246207,593,57,119,417,0,53
strawberry,vitb32,12,TipAdapter-selective,margin,2.0,5.5,0.7649505139708965,0.5,0.381797251812135,0.0,1.0,0.250936329588015,0.6492411467116358,0.3507588532883642,593,71,137,385,0,67
strawberry,vitb32,12,TipAdapter-selective,margin,2.0,5.5,0.7649505139708965,0.6,0.2790722961270759,0.0,1.0,0.30711610486891383,0.5952782462057336,0.40472175379426645,593,86,154,353,0,82
strawberry,vitb32,12,TipAdapter-selective,margin,2.0,5.5,0.7649505139708965,0.7,0.19742389613919675,0.0,1.0,0.3782771535580524,0.5362563237774031,0.46374367622259693,593,108,167,318,0,101
strawberry,vitb32,12,TipAdapter-selective,margin,2.0,5.5,0.7649505139708965,0.8,0.11344200581182429,0.0,1.0,0.41947565543071164,0.4772344013490725,0.5227655986509274,593,119,191,283,0,112
strawberry,vitb32,12,TipAdapter-selective,margin,2.0,5.5,0.7649505139708965,0.9,0.04782163772770098,0.0,1.0,0.50187265917603,0.40809443507588533,0.5919055649241147,593,146,205,242,0,134
strawberry,vitb32,12,TipAdapter-selective,entropy,2.0,5.5,0.7649505139708965,0.4,0.732339158435382,0.0,1.0,0.23595505617977527,0.6897133220910624,0.3102866779089376,593,67,117,409,0,63
strawberry,vitb32,12,TipAdapter-selective,entropy,2.0,5.5,0.7649505139708965,0.5,0.777901454722776,0.0,1.0,0.2958801498127341,0.6256323777403036,0.37436762225969644,593,87,135,371,0,79
strawberry,vitb32,12,TipAdapter-selective,entropy,2.0,5.5,0.7649505139708965,0.6,0.832200422090279,0.0,1.0,0.35580524344569286,0.5598650927487352,0.4401349072512648,593,106,155,332,0,95
strawberry,vitb32,12,TipAdapter-selective,entropy,2.0,5.5,0.7649505139708965,0.7,0.8772873734744762,0.0,1.0,0.42696629213483145,0.5059021922428331,0.49409780775716694,593,125,168,300,0,114
strawberry,vitb32,12,TipAdapter-selective,entropy,2.0,5.5,0.7649505139708965,0.8,0.9399667123385673,0.0,1.0,0.46441947565543074,0.4654300168634064,0.5345699831365935,593,137,180,276,0,124
strawberry,vitb32,12,TipAdapter-selective,entropy,2.0,5.5,0.7649505139708965,0.9,1.0208122928942132,0.0,1.0,0.5205992509363296,0.41652613827993257,0.5834738617200674,593,152,194,247,0,139
strawberry,vitb32,13,TipAdapter-hard,none,2.0,5.5,0.6667950010579451,1.0,,0.0,1.0,0.700374531835206,0.32377740303541314,0.6762225969645869,593,200,201,192,0,187
strawberry,vitb32,13,TipAdapter-selective,msp,2.0,5.5,0.6667950010579451,0.4,0.7015371522983406,0.0,1.0,0.27340823970037453,0.6863406408094435,0.31365935919055654,593,74,112,407,0,73
strawberry,vitb32,13,TipAdapter-selective,msp,2.0,5.5,0.6667950010579451,0.5,0.650793445103252,0.0,1.0,0.352059925093633,0.6222596964586846,0.3777403035413154,593,95,129,369,0,94
strawberry,vitb32,13,TipAdapter-selective,msp,2.0,5.5,0.6667950010579451,0.6,0.6079164548419196,0.0,1.0,0.41947565543071164,0.5581787521079258,0.4418212478920742,593,114,148,331,0,112
strawberry,vitb32,13,TipAdapter-selective,msp,2.0,5.5,0.6667950010579451,0.7,0.5622114275706892,0.0,1.0,0.5168539325842697,0.48903878583473864,0.5109612141652613,593,142,161,290,0,138
strawberry,vitb32,13,TipAdapter-selective,msp,2.0,5.5,0.6667950010579451,0.8,0.5130195553778245,0.0,1.0,0.5842696629213483,0.4317032040472175,0.5682967959527825,593,162,175,256,0,156
strawberry,vitb32,13,TipAdapter-selective,msp,2.0,5.5,0.6667950010579451,0.9,0.45271019055206807,0.0,1.0,0.6329588014981273,0.3811129848229342,0.6188870151770658,593,182,185,226,0,169
strawberry,vitb32,13,TipAdapter-selective,margin,2.0,5.5,0.6667950010579451,0.4,0.4538611583767529,0.0,1.0,0.27715355805243447,0.6897133220910624,0.3102866779089376,593,75,109,409,0,74
strawberry,vitb32,13,TipAdapter-selective,margin,2.0,5.5,0.6667950010579451,0.5,0.3739052664123456,0.0,1.0,0.352059925093633,0.6239460370994941,0.37605396290050586,593,95,128,370,0,94
strawberry,vitb32,13,TipAdapter-selective,margin,2.0,5.5,0.6667950010579451,0.6,0.28574168024397634,0.0,1.0,0.449438202247191,0.5531197301854974,0.4468802698145026,593,122,143,328,0,120
strawberry,vitb32,13,TipAdapter-selective,margin,2.0,5.5,0.6667950010579451,0.7,0.20796123872795108,0.0,1.0,0.5430711610486891,0.4822934232715008,0.5177065767284992,593,149,158,286,0,145
strawberry,vitb32,13,TipAdapter-selective,margin,2.0,5.5,0.6667950010579451,0.8,0.12825758683417532,0.0,1.0,0.5917602996254682,0.4300168634064081,0.5699831365935919,593,164,174,255,0,158
strawberry,vitb32,13,TipAdapter-selective,margin,2.0,5.5,0.6667950010579451,0.9,0.0534569290995936,0.0,1.0,0.6404494382022472,0.38785834738617203,0.6121416526138279,593,179,184,230,0,171
strawberry,vitb32,13,TipAdapter-selective,entropy,2.0,5.5,0.6667950010579451,0.4,0.7382429313954378,0.0,1.0,0.25842696629213485,0.6762225969645869,0.32377740303541314,593,70,122,401,0,69
strawberry,vitb32,13,TipAdapter-selective,entropy,2.0,5.5,0.6667950010579451,0.5,0.7721884741406158,0.0,1.0,0.3295880149812734,0.6172006745362564,0.3827993254637436,593,90,137,366,0,88
strawberry,vitb32,13,TipAdapter-selective,entropy,2.0,5.5,0.6667950010579451,0.6,0.8212118133637228,0.0,1.0,0.37453183520599254,0.5733558178752108,0.42664418212478916,593,103,150,340,0,100
strawberry,vitb32,13,TipAdapter-selective,entropy,2.0,5.5,0.6667950010579451,0.7,0.8568068376349026,0.0,1.0,0.43820224719101125,0.5177065767284992,0.4822934232715008,593,123,163,307,0,117
strawberry,vitb32,13,TipAdapter-selective,entropy,2.0,5.5,0.6667950010579451,0.8,0.9428724790691425,0.0,1.0,0.5468164794007491,0.4468802698145025,0.5531197301854975,593,155,173,265,0,146
strawberry,vitb32,13,TipAdapter-selective,entropy,2.0,5.5,0.6667950010579451,0.9,1.0458966733762285,0.0,1.0,0.6367041198501873,0.3794266441821248,0.6205733558178752,593,183,185,225,0,170
strawberry,vitb32,14,TipAdapter-hard,none,2.0,10.0,0.6950138542730314,1.0,,0.15,0.85,0.7490636704119851,0.2782462057335582,0.7217537942664418,593,280,148,165,42,200
strawberry,vitb32,14,TipAdapter-selective,msp,2.0,10.0,0.6950138542730314,0.4,0.7629480434431195,0.0,1.0,0.602996254681648,0.6795952782462057,0.3204047217537943,593,177,13,403,0,161
strawberry,vitb32,14,TipAdapter-selective,msp,2.0,10.0,0.6950138542730314,0.5,0.7128930149048059,0.035,0.965,0.6479400749063671,0.6138279932546374,0.38617200674536256,593,200,29,364,7,173
strawberry,vitb32,14,TipAdapter-selective,msp,2.0,10.0,0.6950138542730314,0.6,0.6543090178911365,0.06787330316742081,0.9321266968325792,0.6779026217228464,0.5446880269814502,0.45531197301854975,593,221,49,323,15,181
strawberry,vitb32,14,TipAdapter-selective,msp,2.0,10.0,0.6950138542730314,0.7,0.6036908619271014,0.0811965811965812,0.9188034188034188,0.6853932584269663,0.4806070826306914,0.5193929173693086,593,234,74,285,19,183
strawberry,vitb32,14,TipAdapter-selective,msp,2.0,10.0,0.6950138542730314,0.8,0.5671451567399153,0.11372549019607843,0.8862745098039215,0.7228464419475655,0.40472175379426645,0.5952782462057336,593,255,98,240,29,193
strawberry,vitb32,14,TipAdapter-selective,msp,2.0,10.0,0.6950138542730314,0.9,0.50627002352795,0.13011152416356878,0.8698884758364313,0.7415730337078652,0.33558178752107926,0.6644182124789207,593,269,125,199,35,198
strawberry,vitb32,14,TipAdapter-selective,margin,2.0,10.0,0.6950138542730314,0.4,0.598156886876239,0.0,1.0,0.5917602996254682,0.6795952782462057,0.3204047217537943,593,175,15,403,0,158
strawberry,vitb32,14,TipAdapter-selective,margin,2.0,10.0,0.6950138542730314,0.5,0.5036339339523692,0.015151515151515152,0.9848484848484849,0.6554307116104869,0.6188870151770658,0.3811129848229342,593,198,28,367,3,175
strawberry,vitb32,14,TipAdapter-selective,margin,2.0,10.0,0.6950138542730314,0.6,0.40751972948435417,0.045871559633027525,0.9541284403669725,0.6779026217228464,0.5446880269814502,0.45531197301854975,593,218,52,323,10,181
strawberry,vitb32,14,TipAdapter-selective,margin,2.0,10.0,0.6950138542730314,0.7,0.3001938298825405,0.07758620689655173,0.9224137931034483,0.6891385767790262,0.4839797639123103,0.5160202360876898,593,232,74,287,18,184
strawberry,vitb32,14,TipAdapter-selective,margin,2.0,10.0,0.6950138542730314,0.8,0.22389123558185203,0.08835341365461848,0.9116465863453815,0.7191011235955056,0.40978077571669475,0.5902192242833053,593,249,101,243,22,192
strawberry,vitb32,14,TipAdapter-selective,margin,2.0,10.0,0.6950138542730314,0.9,0.08520045585171998,0.12452830188679245,0.8754716981132076,0.7378277153558053,0.3406408094435076,0.6593591905564924,593,265,126,202,33,197
strawberry,vitb32,14,TipAdapter-selective,entropy,2.0,10.0,0.6950138542730314,0.4,0.669533831724705,0.03867403314917127,0.9613259668508287,0.5955056179775281,0.6728499156829679,0.3271500843170321,593,181,13,399,7,159
strawberry,vitb32,14,TipAdapter-selective,entropy,2.0,10.0,0.6950138542730314,0.5,0.7302053585654149,0.06372549019607843,0.9362745098039216,0.6367041198501873,0.6070826306913997,0.39291736930860033,593,204,29,360,13,170
strawberry,vitb32,14,TipAdapter-selective,entropy,2.0,10.0,0.6950138542730314,0.6,0.7824644943621532,0.11261261261261261,0.8873873873873874,0.651685393258427,0.5278246205733558,0.4721753794266442,593,222,58,313,25,174
strawberry,vitb32,14,TipAdapter-selective,entropy,2.0,10.0,0.6950138542730314,0.7,0.844545964846241,0.12552301255230125,0.8744769874476988,0.6853932584269663,0.45531197301854975,0.5446880269814502,593,239,84,270,30,183
strawberry,vitb32,14,TipAdapter-selective,entropy,2.0,10.0,0.6950138542730314,0.8,0.8839268472634021,0.12307692307692308,0.8769230769230769,0.7340823970037453,0.40472175379426645,0.5952782462057336,593,260,93,240,32,196
strawberry,vitb32,14,TipAdapter-selective,entropy,2.0,10.0,0.6950138542730314,0.9,0.9505232300471093,0.13059701492537312,0.8694029850746269,0.7453183520599251,0.3524451939291737,0.6475548060708263,593,268,116,209,35,199
strawberry,vitb32,15,TipAdapter-hard,none,2.0,5.5,0.5754549601791331,1.0,,0.02112676056338028,0.9788732394366197,0.9288389513108615,0.23102866779089376,0.7689713322091063,593,284,172,137,6,248
strawberry,vitb32,15,TipAdapter-selective,msp,2.0,5.5,0.5754549601791331,0.4,0.6960315809671956,0.0,1.0,0.6816479400749064,0.6256323777403036,0.37436762225969644,593,186,36,371,0,182
strawberry,vitb32,15,TipAdapter-selective,msp,2.0,5.5,0.5754549601791331,0.5,0.643266680219014,0.0,1.0,0.7715355805243446,0.5480607082630692,0.4519392917369308,593,212,56,325,0,206
strawberry,vitb32,15,TipAdapter-selective,msp,2.0,5.5,0.5754549601791331,0.6,0.5930414213861075,0.008620689655172414,0.9913793103448276,0.8164794007490637,0.47217537942664417,0.5278246205733559,593,232,81,280,2,218
strawberry,vitb32,15,TipAdapter-selective,msp,2.0,5.5,0.5754549601791331,0.7,0.5628630931230104,0.011904761904761904,0.9880952380952381,0.8764044943820225,0.41989881956155145,0.5801011804384486,593,252,92,249,3,234
strawberry,vitb32,15,TipAdapter-selective,msp,2.0,5.5,0.5754549601791331,0.8,0.5157458105072552,0.011450381679389313,0.9885496183206107,0.9063670411985019,0.3591905564924115,0.6408094435075885,593,262,118,213,3,242
strawberry,vitb32,15,TipAdapter-selective,msp,2.0,5.5,0.5754549601791331,0.9,0.4732461023224931,0.01838235294117647,0.9816176470588235,0.9176029962546817,0.2934232715008432,0.7065767284991569,593,272,147,174,5,245
strawberry,vitb32,15,TipAdapter-selective,margin,2.0,5.5,0.5754549601791331,0.4,0.4959724934946591,0.0,1.0,0.6666666666666666,0.6357504215851602,0.36424957841483985,593,182,34,377,0,178
strawberry,vitb32,15,TipAdapter-selective,margin,2.0,5.5,0.5754549601791331,0.5,0.3900706919888534,0.0,1.0,0.7565543071161048,0.5531197301854974,0.4468802698145026,593,208,57,328,0,202
strawberry,vitb32,15,TipAdapter-selective,margin,2.0,5.5,0.5754549601791331,0.6,0.3154889688297901,0.00881057268722467,0.9911894273127754,0.8052434456928839,0.47217537942664417,0.5278246205733559,593,227,86,280,2,215
strawberry,vitb32,15,TipAdapter-selective,margin,2.0,5.5,0.5754549601791331,0.7,0.2440060100476204,0.012295081967213115,0.9877049180327869,0.8539325842696629,0.40809443507588533,0.5919055649241147,593,244,107,242,3,228
strawberry,vitb32,15,TipAdapter-selective,margin,2.0,5.5,0.5754549601791331,0.8,0.17058516445680344,0.015384615384615385,0.9846153846153847,0.898876404494382,0.3456998313659359,0.6543001686340641,593,260,128,205,4,240
strawberry,vitb32,15,TipAdapter-selective,margin,2.0,5.5,0.5754549601791331,0.9,0.0863877998003727,0.022304832713754646,0.9776951672862454,0.9138576779026217,0.2984822934232715,0.7015177065767285,593,269,147,177,6,244
strawberry,vitb32,15,TipAdapter-selective,entropy,2.0,5.5,0.5754549601791331,0.4,0.770966050577268,0.0,1.0,0.6779026217228464,0.627318718381113,0.37268128161888703,593,186,35,372,0,181
strawberry,vitb32,15,TipAdapter-selective,entropy,2.0,5.5,0.5754549601791331,0.5,0.8287636663503545,0.0,1.0,0.7640449438202247,0.5463743676222597,0.45362563237774034,593,212,57,324,0,204
strawberry,vitb32,15,TipAdapter-selective,entropy,2.0,5.5,0.5754549601791331,0.6,0.8862782492206536,0.0,1.0,0.8389513108614233,0.47892074198988194,0.521079258010118,593,236,73,284,0,224
strawberry,vitb32,15,TipAdapter-selective,entropy,2.0,5.5,0.5754549601791331,0.7,0.9256069788929163,0.007905138339920948,0.9920948616600791,0.8726591760299626,0.42495784148397975,0.5750421585160203,593,253,88,252,2,233
strawberry,vitb32,15,TipAdapter-selective,entropy,2.0,5.5,0.5754549601791331,0.8,0.960959517897415,0.011320754716981131,0.9886792452830189,0.8951310861423221,0.3625632377740304,0.6374367622259696,593,265,113,215,3,239
strawberry,vitb32,15,TipAdapter-selective,entropy,2.0,5.5,0.5754549601791331,0.9,1.0201823719094638,0.010869565217391304,0.9891304347826086,0.9176029962546817,0.29679595278246207,0.7032040472175379,593,276,141,176,3,245
strawberry,vitb32,16,TipAdapter-hard,none,2.0,5.5,0.5686194625779877,1.0,,0.0,1.0,0.9026217228464419,0.07588532883642496,0.924114671163575,593,269,279,45,0,241
strawberry,vitb32,16,TipAdapter-selective,msp,2.0,5.5,0.5686194625779877,0.4,0.8324261790558701,0.0,1.0,0.3707865168539326,0.5986509274873525,0.4013490725126475,593,102,136,355,0,99
strawberry,vitb32,16,TipAdapter-selective,msp,2.0,5.5,0.5686194625779877,0.5,0.7731976778785126,0.0,1.0,0.48314606741573035,0.4991568296795953,0.5008431703204047,593,135,162,296,0,129
strawberry,vitb32,16,TipAdapter-selective,msp,2.0,5.5,0.5686194625779877,0.6,0.7073322196353763,0.0,1.0,0.5805243445692884,0.403035413153457,0.596964586846543,593,166,188,239,0,155
strawberry,vitb32,16,TipAdapter-selective,msp,2.0,5.5,0.5686194625779877,0.7,0.6558660752651938,0.0,1.0,0.6966292134831461,0.3102866779089376,0.6897133220910624,593,198,211,184,0,186
strawberry,vitb32,16,TipAdapter-selective,msp,2.0,5.5,0.5686194625779877,0.8,0.5788277873764384,0.0,1.0,0.7715355805243446,0.2327150084317032,0.7672849915682968,593,225,230,138,0,206
strawberry,vitb32,16,TipAdapter-selective,msp,2.0,5.5,0.5686194625779877,0.9,0.5084075591586654,0.0,1.0,0.8164794007490637,0.15345699831365936,0.8465430016863407,593,240,262,91,0,218
strawberry,vitb32,16,TipAdapter-selective,margin,2.0,5.5,0.5686194625779877,0.4,0.7273823517534012,0.0,1.0,0.3782771535580524,0.5986509274873525,0.4013490725126475,593,104,134,355,0,101
strawberry,vitb32,16,TipAdapter-selective,margin,2.0,5.5,0.5686194625779877,0.5,0.6193411476129235,0.0,1.0,0.4868913857677903,0.4974704890387858,0.5025295109612142,593,134,164,295,0,130
strawberry,vitb32,16,TipAdapter-selective,margin,2.0,5.5,0.5686194625779877,0.6,0.4993055772834879,0.0,1.0,0.602996254681648,0.403035413153457,0.596964586846543,593,170,184,239,0,161
strawberry,vitb32,16,TipAdapter-selective,margin,2.0,5.5,0.5686194625779877,0.7,0.4100099577088906,0.0,1.0,0.6853932584269663,0.31534569983136596,0.684654300168634,593,197,209,187,0,183
strawberry,vitb32,16,TipAdapter-selective,margin,2.0,5.5,0.5686194625779877,0.8,0.28771118741980245,0.0,1.0,0.7790262172284644,0.23608768971332209,0.7639123102866779,593,225,228,140,0,208
strawberry,vitb32,16,TipAdapter-selective,margin,2.0,5.5,0.5686194625779877,0.9,0.14278894534140946,0.0,1.0,0.8164794007490637,0.15851602023608768,0.8414839797639123,593,241,258,94,0,218
strawberry,vitb32,16,TipAdapter-selective,entropy,2.0,5.5,0.5686194625779877,0.4,0.5553888424465407,0.0,1.0,0.36329588014981273,0.5986509274873525,0.4013490725126475,593,101,137,355,0,97
strawberry,vitb32,16,TipAdapter-selective,entropy,2.0,5.5,0.5686194625779877,0.5,0.6646452182301027,0.0,1.0,0.4756554307116105,0.4991568296795953,0.5008431703204047,593,133,164,296,0,127
strawberry,vitb32,16,TipAdapter-selective,entropy,2.0,5.5,0.5686194625779877,0.6,0.757171470044804,0.0,1.0,0.5730337078651685,0.403035413153457,0.596964586846543,593,164,190,239,0,153
strawberry,vitb32,16,TipAdapter-selective,entropy,2.0,5.5,0.5686194625779877,0.7,0.8313185951497445,0.0,1.0,0.700374531835206,0.3086003372681282,0.6913996627318718,593,204,206,183,0,187
strawberry,vitb32,16,TipAdapter-selective,entropy,2.0,5.5,0.5686194625779877,0.8,0.8975236126081292,0.0,1.0,0.7640449438202247,0.22934232715008432,0.7706576728499157,593,221,236,136,0,204
strawberry,vitb32,16,TipAdapter-selective,entropy,2.0,5.5,0.5686194625779877,0.9,0.9613426972210759,0.0,1.0,0.8426966292134831,0.1433389544688027,0.8566610455311973,593,248,260,85,0,225
strawberry,vitb32,17,TipAdapter-hard,none,2.0,10.0,0.6814825360750449,1.0,,0.0211864406779661,0.978813559322034,0.7790262172284644,0.30354131534569984,0.6964586846543002,593,236,177,180,5,208
strawberry,vitb32,17,TipAdapter-selective,msp,2.0,10.0,0.6814825360750449,0.4,0.6989207471850313,0.0,1.0,0.5730337078651685,0.6172006745362564,0.3827993254637436,593,163,64,366,0,153
strawberry,vitb32,17,TipAdapter-selective,msp,2.0,10.0,0.6814825360750449,0.5,0.6465237925278206,0.0,1.0,0.6104868913857678,0.5564924114671164,0.44350758853288363,593,175,88,330,0,163
strawberry,vitb32,17,TipAdapter-selective,msp,2.0,10.0,0.6814825360750449,0.6,0.5990832034048562,0.0,1.0,0.6666666666666666,0.5042158516020236,0.49578414839797635,593,191,103,299,0,178
strawberry,vitb32,17,TipAdapter-selective,msp,2.0,10.0,0.6814825360750449,0.7,0.5317286458352503,0.004878048780487805,0.9951219512195122,0.700374531835206,0.448566610455312,0.551433389544688,593,205,122,266,1,187
strawberry,vitb32,17,TipAdapter-selective,msp,2.0,10.0,0.6814825360750449,0.8,0.4954607608323069,0.004629629629629629,0.9953703703703703,0.7340823970037453,0.3946037099494098,0.6053962900505903,593,216,143,234,1,196
strawberry,vitb32,17,TipAdapter-selective,msp,2.0,10.0,0.6814825360750449,0.9,0.45613406764329945,0.008771929824561403,0.9912280701754386,0.7602996254681648,0.3456998313659359,0.6543001686340641,593,228,160,205,2,203
strawberry,vitb32,17,TipAdapter-selective,margin,2.0,10.0,0.6814825360750449,0.4,0.47809738754450415,0.0,1.0,0.5730337078651685,0.6256323777403036,0.37436762225969644,593,163,59,371,0,153
strawberry,vitb32,17,TipAdapter-selective,margin,2.0,10.0,0.6814825360750449,0.5,0.39700923919549236,0.0,1.0,0.6142322097378277,0.5716694772344013,0.4283305227655987,593,174,80,339,0,164
strawberry,vitb32,17,TipAdapter-selective,margin,2.0,10.0,0.6814825360750449,0.6,0.29863514397867524,0.0,1.0,0.6591760299625468,0.5075885328836425,0.4924114671163575,593,189,103,301,0,176
strawberry,vitb32,17,TipAdapter-selective,margin,2.0,10.0,0.6814825360750449,0.7,0.19291379497587036,0.0049261083743842365,0.9950738916256158,0.6966292134831461,0.46037099494097805,0.539629005059022,593,203,117,273,1,186
strawberry,vitb32,17,TipAdapter-selective,margin,2.0,10.0,0.6814825360750449,0.8,0.1210879453190189,0.009174311926605505,0.9908256880733946,0.7378277153558053,0.4114671163575042,0.5885328836424958,593,218,131,244,2,197
strawberry,vitb32,17,TipAdapter-selective,margin,2.0,10.0,0.6814825360750449,0.9,0.07282868713570828,0.008849557522123894,0.9911504424778761,0.7565543071161048,0.36930860033726814,0.6306913996627319,593,226,148,219,2,202
strawberry,vitb32,17,TipAdapter-selective,entropy,2.0,10.0,0.6814825360750449,0.4,0.7645586452832072,0.0,1.0,0.5767790262172284,0.6172006745362564,0.3827993254637436,593,164,63,366,0,154
strawberry,vitb32,17,TipAdapter-selective,entropy,2.0,10.0,0.6814825360750449,0.5,0.8081107173255782,0.0,1.0,0.6104868913857678,0.5413153456998314,0.4586846543001686,593,176,96,321,0,163
strawberry,vitb32,17,TipAdapter-selective,entropy,2.0,10.0,0.6814825360750449,0.6,0.8677437041704367,0.0,1.0,0.6441947565543071,0.4924114671163575,0.5075885328836425,593,188,113,292,0,172
strawberry,vitb32,17,TipAdapter-selective,entropy,2.0,10.0,0.6814825360750449,0.7,0.9292997537572592,0.0,1.0,0.6928838951310862,0.4350758853288364,0.5649241146711637,593,201,134,258,0,185
strawberry,vitb32,17,TipAdapter-selective,entropy,2.0,10.0,0.6814825360750449,0.8,0.9846158989140246,0.004608294930875576,0.9953917050691244,0.7378277153558053,0.3844856661045531,0.615514333895447,593,217,148,228,1,197
strawberry,vitb32,17,TipAdapter-selective,entropy,2.0,10.0,0.6814825360750449,0.9,1.041235738311157,0.008620689655172414,0.9913793103448276,0.7752808988764045,0.33895446880269814,0.6610455311973018,593,232,160,201,2,207
strawberry,vitb32,18,TipAdapter-hard,none,2.0,5.5,0.5974229275539599,1.0,,0.0038314176245210726,0.9961685823754789,0.8951310861423221,0.2057335581787521,0.794266441821248,593,261,210,122,1,239
strawberry,vitb32,18,TipAdapter-selective,msp,2.0,5.5,0.5974229275539599,0.4,0.7867393864006264,0.0,1.0,0.4232209737827715,0.6155143338954469,0.38448566610455315,593,117,111,365,0,113
strawberry,vitb32,18,TipAdapter-selective,msp,2.0,5.5,0.5974229275539599,0.5,0.7270219172584617,0.0,1.0,0.49812734082397003,0.5581787521079258,0.4418212478920742,593,137,125,331,0,133
strawberry,vitb32,18,TipAdapter-selective,msp,2.0,5.5,0.5974229275539599,0.6,0.6747329964328157,0.0,1.0,0.5730337078651685,0.48903878583473864,0.5109612141652613,593,161,142,290,0,153
strawberry,vitb32,18,TipAdapter-selective,msp,2.0,5.5,0.5974229275539599,0.7,0.624719713878112,0.0,1.0,0.6666666666666666,0.41989881956155145,0.5801011804384486,593,186,158,249,0,178
strawberry,vitb32,18,TipAdapter-selective,msp,2.0,5.5,0.5974229275539599,0.8,0.5455767741122788,0.0,1.0,0.7265917602996255,0.3473861720067454,0.6526138279932546,593,205,182,206,0,194
strawberry,vitb32,18,TipAdapter-selective,msp,2.0,5.5,0.5974229275539599,0.9,0.49463577858806446,0.0,1.0,0.8014981273408239,0.28161888701517707,0.718381112984823,593,231,195,167,0,214
strawberry,vitb32,18,TipAdapter-selective,margin,2.0,5.5,0.5974229275539599,0.4,0.6235468596918392,0.0,1.0,0.4157303370786517,0.6205733558178752,0.3794266441821248,593,115,110,368,0,111
strawberry,vitb32,18,TipAdapter-selective,margin,2.0,5.5,0.5974229275539599,0.5,0.5463810983022666,0.0,1.0,0.5093632958801498,0.554806070826307,0.44519392917369305,593,140,124,329,0,136
strawberry,vitb32,18,TipAdapter-selective,margin,2.0,5.5,0.5974229275539599,0.6,0.4384067536317334,0.0,1.0,0.6179775280898876,0.4806070826306914,0.5193929173693086,593,171,137,285,0,165
strawberry,vitb32,18,TipAdapter-selective,margin,2.0,5.5,0.5974229275539599,0.7,0.327644768750132,0.0,1.0,0.6779026217228464,0.4148397976391231,0.5851602023608768,593,189,158,246,0,181
strawberry,vitb32,18,TipAdapter-selective,margin,2.0,5.5,0.5974229275539599,0.8,0.21981585388369018,0.0,1.0,0.7453183520599251,0.3440134907251265,0.6559865092748736,593,207,182,204,0,199
strawberry,vitb32,18,TipAdapter-selective,margin,2.0,5.5,0.5974229275539599,0.9,0.10327824363005084,0.0,1.0,0.8239700374531835,0.26475548060708265,0.7352445193929174,593,237,199,157,0,220
strawberry,vitb32,18,TipAdapter-selective,entropy,2.0,5.5,0.5974229275539599,0.4,0.6322170056927369,0.0,1.0,0.4232209737827715,0.6104553119730185,0.3895446880269815,593,117,114,362,0,113
strawberry,vitb32,18,TipAdapter-selective,entropy,2.0,5.5,0.5974229275539599,0.5,0.7174863254400692,0.0,1.0,0.5056179775280899,0.5463743676222597,0.45362563237774034,593,141,128,324,0,135
strawberry,vitb32,18,TipAdapter-selective,entropy,2.0,5.5,0.5974229275539599,0.6,0.776265615932713,0.0,1.0,0.5543071161048689,0.4957841483979764,0.5042158516020236,593,156,143,294,0,148
strawberry,vitb32,18,TipAdapter-selective,entropy,2.0,5.5,0.5974229275539599,0.7,0.8284735971745492,0.0,1.0,0.6254681647940075,0.42158516020236086,0.5784148397976392,593,183,160,250,0,167
strawberry,vitb32,18,TipAdapter-selective,entropy,2.0,5.5,0.5974229275539599,0.8,0.9249563072398894,0.0,1.0,0.7153558052434457,0.3608768971332209,0.6391231028667791,593,207,172,214,0,191
strawberry,vitb32,18,TipAdapter-selective,entropy,2.0,5.5,0.5974229275539599,0.9,1.0098725219523494,0.0,1.0,0.7827715355805244,0.2900505902192243,0.7099494097807757,593,226,195,172,0,209
strawberry,vitb32,19,TipAdapter-hard,none,2.0,5.5,0.5434419059231713,1.0,,0.0,1.0,0.9588014981273408,0.09949409780775717,0.9005059021922428,593,281,253,59,0,256
strawberry,vitb32,19,TipAdapter-selective,msp,2.0,5.5,0.5434419059231713,0.4,0.7360492367319117,0.0,1.0,0.45318352059925093,0.5986509274873525,0.4013490725126475,593,123,115,355,0,121
strawberry,vitb32,19,TipAdapter-selective,msp,2.0,5.5,0.5434419059231713,0.5,0.7004726956543115,0.0,1.0,0.550561797752809,0.5025295109612141,0.4974704890387859,593,150,145,298,0,147
strawberry,vitb32,19,TipAdapter-selective,msp,2.0,5.5,0.5434419059231713,0.6,0.6568469946994813,0.0,1.0,0.6928838951310862,0.40640809443507586,0.5935919055649241,593,190,162,241,0,185
strawberry,vitb32,19,TipAdapter-selective,msp,2.0,5.5,0.5434419059231713,0.7,0.5922082458986644,0.0,1.0,0.8014981273408239,0.31703204047217537,0.6829679595278246,593,220,185,188,0,214
strawberry,vitb32,19,TipAdapter-selective,msp,2.0,5.5,0.5434419059231713,0.8,0.5410713054724727,0.0,1.0,0.8614232209737828,0.23608768971332209,0.7639123102866779,593,238,215,140,0,230
strawberry,vitb32,19,TipAdapter-selective,msp,2.0,5.5,0.5434419059231713,0.9,0.46416549333552765,0.0,1.0,0.9063670411985019,0.163575042158516,0.836424957841484,593,258,238,97,0,242
strawberry,vitb32,19,TipAdapter-selective,margin,2.0,5.5,0.5434419059231713,0.4,0.5732176330974105,0.0,1.0,0.45318352059925093,0.5986509274873525,0.4013490725126475,593,123,115,355,0,121
strawberry,vitb32,19,TipAdapter-selective,margin,2.0,5.5,0.5434419059231713,0.5,0.5067744110750444,0.0,1.0,0.5917602996254682,0.4974704890387858,0.5025295109612142,593,161,137,295,0,158
strawberry,vitb32,19,TipAdapter-selective,margin,2.0,5.5,0.5434419059231713,0.6,0.426121121340432,0.0,1.0,0.700374531835206,0.40978077571669475,0.5902192242833053,593,192,158,243,0,187
strawberry,vitb32,19,TipAdapter-selective,margin,2.0,5.5,0.5434419059231713,0.7,0.32534748453978085,0.0,1.0,0.8164794007490637,0.31703204047217537,0.6829679595278246,593,226,179,188,0,218
strawberry,vitb32,19,TipAdapter-selective,margin,2.0,5.5,0.5434419059231713,0.8,0.2289316482904955,0.0,1.0,0.8726591760299626,0.23608768971332209,0.7639123102866779,593,244,209,140,0,233
strawberry,vitb32,19,TipAdapter-selective,margin,2.0,5.5,0.5434419059231713,0.9,0.09475785184222718,0.0,1.0,0.9138576779026217,0.15345699831365936,0.8465430016863407,593,264,238,91,0,244
strawberry,vitb32,19,TipAdapter-selective,entropy,2.0,5.5,0.5434419059231713,0.4,0.7238478169541054,0.0,1.0,0.4307116104868914,0.5986509274873525,0.4013490725126475,593,117,121,355,0,115
strawberry,vitb32,19,TipAdapter-selective,entropy,2.0,5.5,0.5434419059231713,0.5,0.7967875179726913,0.0,1.0,0.5393258426966292,0.5025295109612141,0.4974704890387859,593,147,148,298,0,144
strawberry,vitb32,19,TipAdapter-selective,entropy,2.0,5.5,0.5434419059231713,0.6,0.8531103046796091,0.0,1.0,0.6554307116104869,0.40978077571669475,0.5902192242833053,593,179,171,243,0,175
strawberry,vitb32,19,TipAdapter-selective,entropy,2.0,5.5,0.5434419059231713,0.7,0.9098610963925396,0.0,1.0,0.7602996254681648,0.32377740303541314,0.6762225969645869,593,208,193,192,0,203
strawberry,vitb32,19,TipAdapter-selective,entropy,2.0,5.5,0.5434419059231713,0.8,0.9694494822870958,0.0,1.0,0.8277153558052435,0.2411467116357504,0.7588532883642496,593,229,221,143,0,221
strawberry,vitb32,19,TipAdapter-selective,entropy,2.0,5.5,0.5434419059231713,0.9,1.033872036236119,0.0,1.0,0.9063670411985019,0.16863406408094436,0.8313659359190556,593,253,240,100,0,242
